mechanism,severity,signed_parameter,mechanism_direction,seed,cumulative_model_error,maximum_model_error,proposal_mismatch_steps,final_model_error,observed_fraction_full_sequence,observed_fraction_evaluation_window
missingness,0.0,0.0,not_directional,52000,2.488091387,0.870540724,2,0.03479456,1.0,1.0
missingness,0.1,0.1,not_directional,52000,4.614944381,0.871879014,6,0.034926178,0.766666667,0.75
missingness,0.3,0.3,not_directional,52000,8.226190099,1.625364394,7,0.103269114,0.566666667,0.55
missingness,0.5,0.5,not_directional,52000,8.345900496,1.615911479,7,0.080246062,0.433333333,0.4
missingness,0.0,0.0,not_directional,52001,1.840149378,0.736693556,2,0.018443517,1.0,1.0
missingness,0.1,0.1,not_directional,52001,1.834153917,0.736788475,2,0.018444789,0.9,0.95
missingness,0.3,0.3,not_directional,52001,1.956810627,0.737161578,2,0.054871851,0.733333333,0.75
missingness,0.5,0.5,not_directional,52001,2.049635433,0.737161578,2,0.07022756,0.6,0.55
missingness,0.0,0.0,not_directional,52002,2.465381218,0.735789069,2,0.105893416,1.0,1.0
missingness,0.1,0.1,not_directional,52002,3.255510846,0.735789069,3,0.094097759,0.9,0.85
missingness,0.3,0.3,not_directional,52002,4.137760361,0.736534678,5,0.09308054,0.7,0.65
missingness,0.5,0.5,not_directional,52002,9.511191408,1.520023282,8,0.086536529,0.466666667,0.45
missingness,0.0,0.0,not_directional,52003,2.538859008,0.814967683,2,0.048034455,1.0,1.0
missingness,0.1,0.1,not_directional,52003,2.584794728,0.821593712,2,0.036643283,0.866666667,0.9
missingness,0.3,0.3,not_directional,52003,4.826706309,1.59962023,4,0.041107889,0.633333333,0.65
missingness,0.5,0.5,not_directional,52003,7.065703368,1.607810061,5,0.037364822,0.433333333,0.45
missingness,0.0,0.0,not_directional,52004,1.91912236,0.790318023,2,0.050502728,1.0,1.0
missingness,0.1,0.1,not_directional,52004,1.982142336,0.790345834,2,0.050494789,0.933333333,0.95
missingness,0.3,0.3,not_directional,52004,4.578120541,1.519352645,4,0.039736937,0.733333333,0.65
missingness,0.5,0.5,not_directional,52004,5.178615808,1.535051796,6,0.039580941,0.533333333,0.6
missingness,0.0,0.0,not_directional,52005,2.244214097,0.869149163,3,0.0759421,1.0,1.0
missingness,0.1,0.1,not_directional,52005,3.162357938,0.869149163,3,0.075943851,0.966666667,0.95
missingness,0.3,0.3,not_directional,52005,3.852532555,0.869149163,4,0.074706461,0.833333333,0.75
missingness,0.5,0.5,not_directional,52005,4.083122399,0.870476945,4,0.074869705,0.6,0.55
missingness,0.0,0.0,not_directional,52006,2.026997342,0.847093008,2,0.069682547,1.0,1.0
missingness,0.1,0.1,not_directional,52006,3.618885922,1.653838284,3,0.06065267,0.833333333,0.8
missingness,0.3,0.3,not_directional,52006,5.627147597,1.657932498,4,0.060779943,0.666666667,0.7
missingness,0.5,0.5,not_directional,52006,5.645748853,1.65809267,4,0.059054105,0.6,0.65
missingness,0.0,0.0,not_directional,52007,2.300395483,0.809441692,2,0.101142065,1.0,1.0
missingness,0.1,0.1,not_directional,52007,3.906306818,1.635333999,3,0.10114364,0.933333333,0.95
missingness,0.3,0.3,not_directional,52007,3.593791288,1.615734286,3,0.01049036,0.666666667,0.7
missingness,0.5,0.5,not_directional,52007,5.061178023,1.615734286,4,0.01111982,0.6,0.6
missingness,0.0,0.0,not_directional,52008,2.227553451,0.812421553,2,0.055563599,1.0,1.0
missingness,0.1,0.1,not_directional,52008,2.232166365,0.815148834,2,0.055734745,0.933333333,0.95
missingness,0.3,0.3,not_directional,52008,3.515012449,1.525397968,3,0.055737455,0.866666667,0.9
missingness,0.5,0.5,not_directional,52008,3.467271193,1.597785263,3,0.054285035,0.633333333,0.7
missingness,0.0,0.0,not_directional,52009,2.075197228,0.794459532,2,0.01261579,1.0,1.0
missingness,0.1,0.1,not_directional,52009,2.105933793,0.794459532,2,0.012661882,0.966666667,0.95
missingness,0.3,0.3,not_directional,52009,4.725445801,1.525934898,4,0.000400996,0.7,0.75
missingness,0.5,0.5,not_directional,52009,6.899771025,1.525934898,7,0.033210232,0.533333333,0.5
missingness,0.0,0.0,not_directional,52010,2.102893116,0.765598536,2,0.058184167,1.0,1.0
missingness,0.1,0.1,not_directional,52010,2.102893116,0.765598536,2,0.058184167,1.0,1.0
missingness,0.3,0.3,not_directional,52010,2.359432536,0.772800949,2,0.049346662,0.8,0.9
missingness,0.5,0.5,not_directional,52010,2.757627942,0.772800949,3,0.002752432,0.6,0.6
missingness,0.0,0.0,not_directional,52011,2.067514324,0.797954943,2,0.090232111,1.0,1.0
missingness,0.1,0.1,not_directional,52011,2.980649547,0.842787684,3,0.052317844,0.8,0.85
missingness,0.3,0.3,not_directional,52011,3.030593174,0.842787684,3,0.053001033,0.7,0.7
missingness,0.5,0.5,not_directional,52011,4.629959642,0.846947908,5,0.061086298,0.533333333,0.5
missingness,0.0,0.0,not_directional,52012,2.291843119,0.753580726,2,0.009679829,1.0,1.0
missingness,0.1,0.1,not_directional,52012,2.234144779,0.753960766,2,0.008719195,0.9,0.9
missingness,0.3,0.3,not_directional,52012,3.900204627,1.644493088,3,0.055037851,0.666666667,0.65
missingness,0.5,0.5,not_directional,52012,4.701667826,1.641743349,4,0.049818384,0.5,0.45
missingness,0.0,0.0,not_directional,52013,2.360970539,0.788166014,2,0.012669905,1.0,1.0
missingness,0.1,0.1,not_directional,52013,3.174870134,0.803805413,3,0.012601575,0.833333333,0.9
missingness,0.3,0.3,not_directional,52013,3.20068844,0.810162154,3,0.012468694,0.666666667,0.8
missingness,0.5,0.5,not_directional,52013,3.799942129,0.835223214,4,0.011022508,0.5,0.6
missingness,0.0,0.0,not_directional,52014,1.798991347,0.720290698,1,0.029158267,1.0,1.0
missingness,0.1,0.1,not_directional,52014,1.804500205,0.723951042,1,0.029158274,0.866666667,1.0
missingness,0.3,0.3,not_directional,52014,1.862990794,0.72584762,1,0.006658077,0.5,0.55
missingness,0.5,0.5,not_directional,52014,2.146934399,0.721067773,1,0.001970341,0.433333333,0.5
missingness,0.0,0.0,not_directional,52015,2.411421949,0.814093428,2,0.079128607,1.0,1.0
missingness,0.1,0.1,not_directional,52015,2.42342631,0.820245915,2,0.079128619,0.9,1.0
missingness,0.3,0.3,not_directional,52015,3.893397303,1.567648017,3,0.078772977,0.733333333,0.75
missingness,0.5,0.5,not_directional,52015,5.646102712,1.579543736,5,0.079910982,0.5,0.5
missingness,0.0,0.0,not_directional,52016,2.046563423,0.767102115,2,0.02463256,1.0,1.0
missingness,0.1,0.1,not_directional,52016,2.312334926,0.788487355,2,0.024575621,0.9,0.9
missingness,0.3,0.3,not_directional,52016,2.586382667,0.799269525,2,0.02154069,0.7,0.7
missingness,0.5,0.5,not_directional,52016,2.655055866,0.773229873,2,0.022552073,0.533333333,0.5
missingness,0.0,0.0,not_directional,52017,2.081227363,0.790193959,2,0.074460028,1.0,1.0
missingness,0.1,0.1,not_directional,52017,2.147368963,0.824838226,2,0.074232112,0.866666667,0.9
missingness,0.3,0.3,not_directional,52017,2.117524435,0.851467887,2,0.019333031,0.7,0.75
missingness,0.5,0.5,not_directional,52017,3.780958273,1.64425079,3,0.034799047,0.633333333,0.65
missingness,0.0,0.0,not_directional,52018,2.001186227,0.834305957,2,0.077915245,1.0,1.0
missingness,0.1,0.1,not_directional,52018,2.959457218,0.841092636,3,0.077913407,0.933333333,0.95
missingness,0.3,0.3,not_directional,52018,2.775140455,0.827701215,3,0.077428389,0.666666667,0.7
missingness,0.5,0.5,not_directional,52018,3.913472599,0.81827155,5,0.07713081,0.533333333,0.6
missingness,0.0,0.0,not_directional,52019,2.09716538,0.752333653,2,0.076806386,1.0,1.0
missingness,0.1,0.1,not_directional,52019,2.851246022,0.75100705,3,0.07750782,0.9,0.9
missingness,0.3,0.3,not_directional,52019,3.571667849,0.751074,4,0.02009355,0.666666667,0.6
missingness,0.5,0.5,not_directional,52019,6.861425076,1.540129748,6,0.047625387,0.533333333,0.45
missingness,0.0,0.0,not_directional,52020,2.118503862,0.798866708,2,0.051225357,1.0,1.0
missingness,0.1,0.1,not_directional,52020,2.587609176,0.798866708,3,0.022601776,0.866666667,0.8
missingness,0.3,0.3,not_directional,52020,5.412804104,1.625172135,7,0.023855442,0.633333333,0.5
missingness,0.5,0.5,not_directional,52020,14.981471244,1.645231529,9,0.037197524,0.266666667,0.2
missingness,0.0,0.0,not_directional,52021,2.044494027,0.741592729,1,0.030944337,1.0,1.0
missingness,0.1,0.1,not_directional,52021,1.955168268,0.741592729,1,0.016866242,0.9,0.85
missingness,0.3,0.3,not_directional,52021,2.211746477,0.741522424,1,0.013319468,0.766666667,0.7
missingness,0.5,0.5,not_directional,52021,2.499152953,0.741522424,1,0.015563743,0.6,0.45
missingness,0.0,0.0,not_directional,52022,2.306259799,0.782779954,2,0.046051604,1.0,1.0
missingness,0.1,0.1,not_directional,52022,2.608342662,0.782779954,3,0.046052876,0.966666667,0.95
missingness,0.3,0.3,not_directional,52022,2.989808194,0.792250932,3,0.051084655,0.766666667,0.7
missingness,0.5,0.5,not_directional,52022,5.7823175,1.651007332,6,0.051920278,0.5,0.55
missingness,0.0,0.0,not_directional,52023,2.654576869,0.951844023,2,0.07662765,1.0,1.0
missingness,0.1,0.1,not_directional,52023,2.561821874,0.951844023,2,0.034533115,0.933333333,0.9
missingness,0.3,0.3,not_directional,52023,5.015455897,1.736697602,4,0.03470941,0.733333333,0.7
missingness,0.5,0.5,not_directional,52023,7.819610569,1.690365255,6,0.005577105,0.466666667,0.4
missingness,0.0,0.0,not_directional,52024,2.52073826,0.779596323,2,0.044475478,1.0,1.0
missingness,0.1,0.1,not_directional,52024,3.184636432,0.780623376,3,0.044471381,0.866666667,0.9
missingness,0.3,0.3,not_directional,52024,3.063660191,0.782031581,3,0.038976789,0.766666667,0.8
missingness,0.5,0.5,not_directional,52024,3.956755764,0.779593103,5,0.014110621,0.5,0.45
missingness,0.0,0.0,not_directional,52025,2.109631732,0.83545739,2,0.085609788,1.0,1.0
missingness,0.1,0.1,not_directional,52025,3.62307858,1.660758032,3,0.08526577,0.9,0.9
missingness,0.3,0.3,not_directional,52025,5.733248554,1.67960517,4,0.084852687,0.733333333,0.7
missingness,0.5,0.5,not_directional,52025,5.876917164,1.648688276,4,0.073300908,0.466666667,0.5
missingness,0.0,0.0,not_directional,52026,2.529305648,0.841541309,2,0.023883851,1.0,1.0
missingness,0.1,0.1,not_directional,52026,3.069554661,0.839755796,3,0.023895022,0.9,0.9
missingness,0.3,0.3,not_directional,52026,4.295376172,0.839796312,6,0.032909,0.7,0.65
missingness,0.5,0.5,not_directional,52026,10.367756003,0.853218971,12,0.074511762,0.4,0.3
missingness,0.0,0.0,not_directional,52027,2.172272378,0.801615923,2,0.042737852,1.0,1.0
missingness,0.1,0.1,not_directional,52027,2.204627494,0.803328554,2,0.067325537,0.9,0.9
missingness,0.3,0.3,not_directional,52027,2.955531485,0.775457769,3,0.096399294,0.633333333,0.6
missingness,0.5,0.5,not_directional,52027,3.162726329,0.775457769,3,0.09572876,0.6,0.55
missingness,0.0,0.0,not_directional,52028,2.859348412,0.86198175,2,0.013600827,1.0,1.0
missingness,0.1,0.1,not_directional,52028,2.816434607,0.86198175,3,0.013994678,0.9,0.85
missingness,0.3,0.3,not_directional,52028,2.739924011,0.841519854,3,0.008227481,0.7,0.65
missingness,0.5,0.5,not_directional,52028,4.843661804,0.851996968,4,0.006541842,0.466666667,0.4
missingness,0.0,0.0,not_directional,52029,2.253922536,0.786558319,2,0.002191636,1.0,1.0
missingness,0.1,0.1,not_directional,52029,2.323638881,0.786558319,2,0.00219734,0.966666667,0.95
missingness,0.3,0.3,not_directional,52029,3.687264336,0.785844093,5,0.011842794,0.766666667,0.75
missingness,0.5,0.5,not_directional,52029,13.370124602,1.640772834,9,0.00438853,0.566666667,0.5
missingness,0.0,0.0,not_directional,52030,2.040770353,0.822640145,2,0.023937317,1.0,1.0
missingness,0.1,0.1,not_directional,52030,2.041509574,0.822640145,2,0.026656326,0.9,0.85
missingness,0.3,0.3,not_directional,52030,1.980130422,0.817237129,2,0.023345448,0.666666667,0.65
missingness,0.5,0.5,not_directional,52030,6.385927961,1.614116231,4,0.01640983,0.4,0.4
missingness,0.0,0.0,not_directional,52031,2.157409666,0.762185584,2,0.043056579,1.0,1.0
missingness,0.1,0.1,not_directional,52031,2.191217483,0.762361526,2,0.044905165,0.8,0.85
missingness,0.3,0.3,not_directional,52031,5.249799118,1.570974245,5,0.053284059,0.533333333,0.6
missingness,0.5,0.5,not_directional,52031,9.226540952,1.570949477,10,0.105547919,0.233333333,0.25
missingness,0.0,0.0,not_directional,52032,2.20483043,0.741817868,2,0.031880123,1.0,1.0
missingness,0.1,0.1,not_directional,52032,2.106564535,0.74279208,2,0.031979438,0.933333333,0.95
missingness,0.3,0.3,not_directional,52032,2.402684241,0.758241656,2,0.020816171,0.633333333,0.65
missingness,0.5,0.5,not_directional,52032,2.424183088,0.768496608,2,0.020818675,0.6,0.65
missingness,0.0,0.0,not_directional,52033,2.52035576,0.792626923,2,0.02131134,1.0,1.0
missingness,0.1,0.1,not_directional,52033,2.64834778,0.796011714,2,0.011953999,0.866666667,0.95
missingness,0.3,0.3,not_directional,52033,4.762476358,1.584336115,4,0.041509812,0.633333333,0.7
missingness,0.5,0.5,not_directional,52033,4.983998416,1.579833538,5,0.024159945,0.533333333,0.6
missingness,0.0,0.0,not_directional,52034,2.386299187,0.84395655,2,0.078917286,1.0,1.0
missingness,0.1,0.1,not_directional,52034,6.103845645,1.674715345,6,0.074396723,0.666666667,0.6
missingness,0.3,0.3,not_directional,52034,6.652861141,1.674715345,6,0.060689938,0.533333333,0.4
missingness,0.5,0.5,not_directional,52034,6.633748725,1.629523223,6,0.064448889,0.4,0.35
missingness,0.0,0.0,not_directional,52035,2.160057381,0.790865751,2,0.027584677,1.0,1.0
missingness,0.1,0.1,not_directional,52035,2.162103215,0.790668008,2,0.02758995,0.933333333,0.95
missingness,0.3,0.3,not_directional,52035,2.35146033,0.847674865,2,0.000133752,0.7,0.75
missingness,0.5,0.5,not_directional,52035,3.515331236,0.823953858,4,0.000312789,0.5,0.55
missingness,0.0,0.0,not_directional,52036,2.351363092,0.852601227,2,0.019557804,1.0,1.0
missingness,0.1,0.1,not_directional,52036,2.321139048,0.852677287,2,0.002018663,0.933333333,0.95
missingness,0.3,0.3,not_directional,52036,2.156987125,0.851587995,2,0.002250699,0.666666667,0.65
missingness,0.5,0.5,not_directional,52036,2.798675721,0.851587995,3,0.008478425,0.466666667,0.35
missingness,0.0,0.0,not_directional,52037,2.367981516,0.731833333,2,0.035670243,1.0,1.0
missingness,0.1,0.1,not_directional,52037,2.370535623,0.731833333,2,0.05964662,0.966666667,0.95
missingness,0.3,0.3,not_directional,52037,3.248411036,0.808586759,3,0.060294707,0.633333333,0.7
missingness,0.5,0.5,not_directional,52037,3.806554894,0.808586759,3,0.055224792,0.466666667,0.45
missingness,0.0,0.0,not_directional,52038,2.692802769,0.769708165,2,0.062987907,1.0,1.0
missingness,0.1,0.1,not_directional,52038,4.149372454,1.500842727,3,0.062986513,0.933333333,0.95
missingness,0.3,0.3,not_directional,52038,5.881114062,1.507512136,5,0.062515243,0.733333333,0.7
missingness,0.5,0.5,not_directional,52038,8.252056524,1.505874995,8,0.036939631,0.4,0.35
missingness,0.0,0.0,not_directional,52039,2.218547592,0.744348886,2,0.097575985,1.0,1.0
missingness,0.1,0.1,not_directional,52039,2.31261229,0.744348886,2,0.097608183,0.966666667,0.95
missingness,0.3,0.3,not_directional,52039,2.240013222,0.745444733,2,0.099177224,0.733333333,0.75
missingness,0.5,0.5,not_directional,52039,2.372675423,0.758768894,2,0.105098457,0.566666667,0.65
missingness,0.0,0.0,not_directional,52040,2.539420287,0.880398771,2,0.002285199,1.0,1.0
missingness,0.1,0.1,not_directional,52040,2.709329465,0.88048646,2,0.008362071,0.833333333,0.8
missingness,0.3,0.3,not_directional,52040,4.36837123,0.876563302,6,0.041247377,0.566666667,0.5
missingness,0.5,0.5,not_directional,52040,9.339045795,1.539044188,11,0.04949945,0.433333333,0.35
missingness,0.0,0.0,not_directional,52041,2.573681014,0.834649521,3,0.013231841,1.0,1.0
missingness,0.1,0.1,not_directional,52041,2.669061128,0.848756273,3,0.007566433,0.833333333,0.85
missingness,0.3,0.3,not_directional,52041,4.132605545,0.804918698,4,0.003676613,0.6,0.55
missingness,0.5,0.5,not_directional,52041,5.347962574,0.802938978,5,0.002593855,0.4,0.4
missingness,0.0,0.0,not_directional,52042,2.138038877,0.732172433,2,0.045157984,1.0,1.0
missingness,0.1,0.1,not_directional,52042,2.16561413,0.746541966,2,0.045157957,0.933333333,1.0
missingness,0.3,0.3,not_directional,52042,2.74199057,0.785192773,3,0.000830002,0.6,0.7
missingness,0.5,0.5,not_directional,52042,4.482348817,0.745896248,7,0.022188224,0.333333333,0.4
missingness,0.0,0.0,not_directional,52043,2.357387613,0.819660026,2,0.097032704,1.0,1.0
missingness,0.1,0.1,not_directional,52043,2.741938987,0.819066195,3,0.136513649,0.866666667,0.85
missingness,0.3,0.3,not_directional,52043,2.957329261,0.819413017,4,0.136524393,0.7,0.7
missingness,0.5,0.5,not_directional,52043,4.567406812,0.819413017,5,0.13288313,0.533333333,0.45
missingness,0.0,0.0,not_directional,52044,2.078998992,0.795133438,2,0.111687563,1.0,1.0
missingness,0.1,0.1,not_directional,52044,2.44923267,0.791724131,2,0.111684088,0.9,0.95
missingness,0.3,0.3,not_directional,52044,5.106051632,1.573005553,6,0.110760422,0.666666667,0.7
missingness,0.5,0.5,not_directional,52044,5.092502496,1.589346532,6,0.102406301,0.6,0.65
missingness,0.0,0.0,not_directional,52045,2.349147228,0.827523665,2,0.05225554,1.0,1.0
missingness,0.1,0.1,not_directional,52045,2.317816612,0.827523665,2,0.05225724,0.966666667,0.95
missingness,0.3,0.3,not_directional,52045,2.559551608,0.831927655,2,0.082100911,0.733333333,0.75
missingness,0.5,0.5,not_directional,52045,2.437314249,0.831927655,2,0.050896105,0.666666667,0.65
missingness,0.0,0.0,not_directional,52046,2.365318264,0.732237859,2,0.129068486,1.0,1.0
missingness,0.1,0.1,not_directional,52046,2.352058118,0.731481793,2,0.110335734,0.933333333,0.95
missingness,0.3,0.3,not_directional,52046,2.418130661,0.714675347,2,0.095150606,0.666666667,0.65
missingness,0.5,0.5,not_directional,52046,3.847605015,0.723128078,3,0.018657731,0.4,0.35
missingness,0.0,0.0,not_directional,52047,1.864531371,0.691373215,2,0.019889643,1.0,1.0
missingness,0.1,0.1,not_directional,52047,1.92396375,0.694031464,2,0.019866798,0.933333333,0.95
missingness,0.3,0.3,not_directional,52047,2.211823973,0.693976251,3,0.011930367,0.833333333,0.85
missingness,0.5,0.5,not_directional,52047,2.30427462,0.69342466,3,0.019398588,0.7,0.75
missingness,0.0,0.0,not_directional,52048,2.194284796,0.764693828,2,0.023345358,1.0,1.0
missingness,0.1,0.1,not_directional,52048,2.75224246,0.764693828,3,0.023344104,0.966666667,0.95
missingness,0.3,0.3,not_directional,52048,3.274502994,0.765287744,4,0.028168541,0.833333333,0.85
missingness,0.5,0.5,not_directional,52048,3.281786417,0.768506341,4,0.026861903,0.633333333,0.6
missingness,0.0,0.0,not_directional,52049,2.086036672,0.790060631,2,0.027741352,1.0,1.0
missingness,0.1,0.1,not_directional,52049,3.084547582,0.810176938,3,0.027739482,0.9,0.95
missingness,0.3,0.3,not_directional,52049,5.556122955,1.585226663,4,0.035314807,0.766666667,0.8
missingness,0.5,0.5,not_directional,52049,5.450661385,1.587696409,4,0.010005689,0.566666667,0.65
missingness,0.0,0.0,not_directional,52050,2.371939495,0.862711485,2,0.013767476,1.0,1.0
missingness,0.1,0.1,not_directional,52050,2.372102478,0.862794228,2,0.013767476,0.966666667,1.0
missingness,0.3,0.3,not_directional,52050,2.518238444,0.862668248,2,0.013759127,0.833333333,0.85
missingness,0.5,0.5,not_directional,52050,2.772184294,0.863280137,2,0.013314413,0.5,0.6
missingness,0.0,0.0,not_directional,52051,1.745007602,0.716653193,2,0.023217275,1.0,1.0
missingness,0.1,0.1,not_directional,52051,1.710018575,0.696867199,2,0.023217313,0.933333333,1.0
missingness,0.3,0.3,not_directional,52051,1.750780194,0.683739643,2,0.023218187,0.8,0.85
missingness,0.5,0.5,not_directional,52051,3.224424007,1.567479287,3,0.023451447,0.666666667,0.65
missingness,0.0,0.0,not_directional,52052,2.227378524,0.808252281,2,0.05480742,1.0,1.0
missingness,0.1,0.1,not_directional,52052,2.103694326,0.808260346,2,0.003499919,0.866666667,0.85
missingness,0.3,0.3,not_directional,52052,2.220419848,0.808320273,2,0.037831082,0.633333333,0.6
missingness,0.5,0.5,not_directional,52052,4.116072304,0.77309864,8,0.068155658,0.366666667,0.35
missingness,0.0,0.0,not_directional,52053,2.565818249,0.844836173,2,0.059300896,1.0,1.0
missingness,0.1,0.1,not_directional,52053,3.326604759,0.844556175,3,0.06375327,0.8,0.75
missingness,0.3,0.3,not_directional,52053,4.758259293,0.835638136,4,0.063717247,0.666666667,0.65
missingness,0.5,0.5,not_directional,52053,5.929446138,0.856433291,7,0.073336147,0.433333333,0.4
missingness,0.0,0.0,not_directional,52054,2.379693637,0.785606131,2,0.035829177,1.0,1.0
missingness,0.1,0.1,not_directional,52054,2.403137124,0.784683114,2,0.036050661,0.866666667,0.9
missingness,0.3,0.3,not_directional,52054,2.671494885,0.785057595,3,0.036011355,0.733333333,0.75
missingness,0.5,0.5,not_directional,52054,2.781040058,0.785280995,4,0.03604479,0.6,0.7
missingness,0.0,0.0,not_directional,52055,2.337894947,0.740684805,2,0.066171487,1.0,1.0
missingness,0.1,0.1,not_directional,52055,2.340985211,0.742319511,2,0.066171491,0.966666667,1.0
missingness,0.3,0.3,not_directional,52055,2.651769113,0.768980887,2,0.033340709,0.766666667,0.8
missingness,0.5,0.5,not_directional,52055,3.275510695,0.770175544,5,0.048820979,0.533333333,0.55
missingness,0.0,0.0,not_directional,52056,1.896129298,0.731372196,2,0.033456304,1.0,1.0
missingness,0.1,0.1,not_directional,52056,2.052002188,0.730565895,2,0.02980185,0.9,0.9
missingness,0.3,0.3,not_directional,52056,1.937110887,0.732131958,2,0.014480055,0.7,0.65
missingness,0.5,0.5,not_directional,52056,1.65967981,0.758898409,2,0.021043526,0.533333333,0.45
missingness,0.0,0.0,not_directional,52057,2.411754363,0.737905571,2,0.009020338,1.0,1.0
missingness,0.1,0.1,not_directional,52057,2.311710607,0.749912233,2,0.009792944,0.9,0.9
missingness,0.3,0.3,not_directional,52057,5.18754302,1.603079531,4,0.013849407,0.666666667,0.6
missingness,0.5,0.5,not_directional,52057,5.722678608,1.642536604,4,0.015379652,0.5,0.45
missingness,0.0,0.0,not_directional,52058,2.23070043,0.762559062,2,0.117968576,1.0,1.0
missingness,0.1,0.1,not_directional,52058,2.467785646,0.762559062,2,0.122458515,0.9,0.85
missingness,0.3,0.3,not_directional,52058,4.405283128,1.558869677,3,0.122363362,0.766666667,0.65
missingness,0.5,0.5,not_directional,52058,4.944700462,1.558898583,6,0.136077584,0.533333333,0.5
missingness,0.0,0.0,not_directional,52059,2.04069074,0.745223359,1,0.021615335,1.0,1.0
missingness,0.1,0.1,not_directional,52059,2.044495891,0.745312226,1,0.022107475,0.866666667,0.85
missingness,0.3,0.3,not_directional,52059,5.66540188,1.596680148,4,0.022637119,0.666666667,0.65
missingness,0.5,0.5,not_directional,52059,7.570167443,1.53935338,5,0.021875999,0.466666667,0.45
missingness,0.0,0.0,not_directional,52060,2.638573518,0.853554518,2,0.114445586,1.0,1.0
missingness,0.1,0.1,not_directional,52060,2.649937332,0.859237504,2,0.114445575,0.9,1.0
missingness,0.3,0.3,not_directional,52060,2.875287209,0.888146775,2,0.08954494,0.666666667,0.8
missingness,0.5,0.5,not_directional,52060,2.932544987,0.888146775,2,0.065777143,0.566666667,0.65
missingness,0.0,0.0,not_directional,52061,2.587687987,0.838105655,2,0.033909206,1.0,1.0
missingness,0.1,0.1,not_directional,52061,2.529241736,0.838105655,2,0.03403835,0.933333333,0.9
missingness,0.3,0.3,not_directional,52061,3.467744237,0.836296527,3,0.043579117,0.733333333,0.65
missingness,0.5,0.5,not_directional,52061,5.167430889,0.836775102,10,0.042960572,0.433333333,0.35
missingness,0.0,0.0,not_directional,52062,2.292608337,0.872980282,2,0.02856809,1.0,1.0
missingness,0.1,0.1,not_directional,52062,3.7127039,1.580798017,3,0.028543411,0.866666667,0.9
missingness,0.3,0.3,not_directional,52062,3.819212756,1.580535592,3,0.006155976,0.566666667,0.5
missingness,0.5,0.5,not_directional,52062,3.959963608,1.580535592,3,0.0070881,0.533333333,0.45
missingness,0.0,0.0,not_directional,52063,2.574767442,0.852909558,3,0.10260026,1.0,1.0
missingness,0.1,0.1,not_directional,52063,2.526248167,0.830645811,2,0.100912073,0.866666667,0.9
missingness,0.3,0.3,not_directional,52063,3.208510617,0.83055877,3,0.09970223,0.7,0.7
missingness,0.5,0.5,not_directional,52063,3.89130466,0.818885595,4,0.047399197,0.533333333,0.55
missingness,0.0,0.0,not_directional,52064,2.122000498,0.805400357,2,0.090395893,1.0,1.0
missingness,0.1,0.1,not_directional,52064,2.275025915,0.805400357,2,0.079328442,0.866666667,0.8
missingness,0.3,0.3,not_directional,52064,4.021804032,1.578900913,3,0.071157655,0.6,0.55
missingness,0.5,0.5,not_directional,52064,5.708516438,1.577251011,4,0.071919895,0.5,0.5
missingness,0.0,0.0,not_directional,52065,2.114678313,0.713888806,2,0.03345431,1.0,1.0
missingness,0.1,0.1,not_directional,52065,2.07659503,0.711971608,2,0.03335021,0.9,0.9
missingness,0.3,0.3,not_directional,52065,2.11891017,0.711971608,2,0.015957248,0.833333333,0.8
missingness,0.5,0.5,not_directional,52065,2.009474643,0.712675374,2,0.018931808,0.633333333,0.65
missingness,0.0,0.0,not_directional,52066,2.076541767,0.698874191,2,0.027179586,1.0,1.0
missingness,0.1,0.1,not_directional,52066,2.064971076,0.697506711,2,0.028151752,0.833333333,0.9
missingness,0.3,0.3,not_directional,52066,2.218916327,0.698693224,3,0.026955007,0.733333333,0.8
missingness,0.5,0.5,not_directional,52066,1.751972627,0.70286161,3,0.004056063,0.5,0.55
missingness,0.0,0.0,not_directional,52067,2.008445819,0.687421414,2,0.02139891,1.0,1.0
missingness,0.1,0.1,not_directional,52067,1.994626779,0.68688873,2,0.021426297,0.9,0.95
missingness,0.3,0.3,not_directional,52067,6.160935393,1.553667097,6,0.021172712,0.6,0.65
missingness,0.5,0.5,not_directional,52067,9.786721499,1.603760777,12,0.000405098,0.366666667,0.35
missingness,0.0,0.0,not_directional,52068,2.162947784,0.813334917,2,0.025687205,1.0,1.0
missingness,0.1,0.1,not_directional,52068,2.128576845,0.813082783,2,0.025598981,0.866666667,0.9
missingness,0.3,0.3,not_directional,52068,3.652098967,1.600066216,3,0.025852991,0.733333333,0.75
missingness,0.5,0.5,not_directional,52068,7.238002085,1.634872907,6,0.024357109,0.533333333,0.55
missingness,0.0,0.0,not_directional,52069,2.169741882,0.888588739,2,0.040546122,1.0,1.0
missingness,0.1,0.1,not_directional,52069,3.082653097,0.870525838,3,0.040544331,0.866666667,0.95
missingness,0.3,0.3,not_directional,52069,3.266862419,0.870489185,3,0.013030891,0.633333333,0.65
missingness,0.5,0.5,not_directional,52069,13.597607843,1.591344847,11,0.018740646,0.4,0.4
missingness,0.0,0.0,not_directional,52070,2.36291314,0.80803706,2,0.007234886,1.0,1.0
missingness,0.1,0.1,not_directional,52070,2.263381776,0.808221677,2,0.014135379,0.9,0.9
missingness,0.3,0.3,not_directional,52070,2.562888008,0.80789165,3,0.053487339,0.7,0.7
missingness,0.5,0.5,not_directional,52070,7.084375703,1.634141926,6,0.020090316,0.366666667,0.3
missingness,0.0,0.0,not_directional,52071,2.324551441,0.765310461,1,0.029550739,1.0,1.0
missingness,0.1,0.1,not_directional,52071,4.011618797,1.612509667,3,0.026896111,0.9,0.9
missingness,0.3,0.3,not_directional,52071,4.178217748,1.639301177,3,0.037951598,0.733333333,0.75
missingness,0.5,0.5,not_directional,52071,5.532953366,1.639349245,5,0.026285903,0.533333333,0.5
missingness,0.0,0.0,not_directional,52072,2.190422666,0.752097286,2,0.058325883,1.0,1.0
missingness,0.1,0.1,not_directional,52072,3.21234137,0.752948106,4,0.058320734,0.9,0.9
missingness,0.3,0.3,not_directional,52072,6.358395962,1.633705487,5,0.023972467,0.666666667,0.7
missingness,0.5,0.5,not_directional,52072,8.561589645,1.581442514,5,0.022777608,0.5,0.55
missingness,0.0,0.0,not_directional,52073,2.259470524,0.831371934,2,0.009030817,1.0,1.0
missingness,0.1,0.1,not_directional,52073,3.574807899,1.556889222,3,0.021279897,0.9,0.85
missingness,0.3,0.3,not_directional,52073,3.951983162,1.557023889,4,0.021268617,0.833333333,0.8
missingness,0.5,0.5,not_directional,52073,5.51034661,1.553965171,6,0.019730667,0.7,0.65
missingness,0.0,0.0,not_directional,52074,2.39914318,0.858436026,2,0.068906729,1.0,1.0
missingness,0.1,0.1,not_directional,52074,2.424387454,0.858251033,2,0.030191411,0.9,0.9
missingness,0.3,0.3,not_directional,52074,3.889066274,1.590747563,3,0.038183242,0.7,0.7
missingness,0.5,0.5,not_directional,52074,4.701358708,1.592226942,4,0.038974808,0.6,0.6
missingness,0.0,0.0,not_directional,52075,2.064353722,0.852134726,2,0.054530364,1.0,1.0
missingness,0.1,0.1,not_directional,52075,2.10610963,0.83847348,2,0.052080813,0.7,0.9
missingness,0.3,0.3,not_directional,52075,1.943507957,0.833544376,2,0.047489478,0.566666667,0.75
missingness,0.5,0.5,not_directional,52075,6.68980901,1.591552281,5,0.059703889,0.333333333,0.45
missingness,0.0,0.0,not_directional,52076,2.267431704,0.826130321,2,0.014122739,1.0,1.0
missingness,0.1,0.1,not_directional,52076,2.267107976,0.825968027,2,0.014122739,0.966666667,1.0
missingness,0.3,0.3,not_directional,52076,3.153533575,0.803376226,3,0.004582557,0.666666667,0.7
missingness,0.5,0.5,not_directional,52076,5.633313998,0.822337884,8,0.013244219,0.333333333,0.4
missingness,0.0,0.0,not_directional,52077,2.207439127,0.733571177,2,0.005111885,1.0,1.0
missingness,0.1,0.1,not_directional,52077,3.927411497,1.613861399,3,0.000106321,0.9,0.9
missingness,0.3,0.3,not_directional,52077,5.46651761,1.613271231,4,0.018289753,0.733333333,0.7
missingness,0.5,0.5,not_directional,52077,5.494349147,1.611499123,4,0.021191959,0.533333333,0.6
missingness,0.0,0.0,not_directional,52078,2.044517188,0.79092836,2,0.027728816,1.0,1.0
missingness,0.1,0.1,not_directional,52078,2.083596166,0.785816885,2,0.076489792,0.9,0.95
missingness,0.3,0.3,not_directional,52078,2.396941257,0.783259478,2,0.087956808,0.733333333,0.75
missingness,0.5,0.5,not_directional,52078,2.634326416,0.772039983,2,0.08542091,0.566666667,0.55
missingness,0.0,0.0,not_directional,52079,2.175330953,0.832595762,2,0.043528558,1.0,1.0
missingness,0.1,0.1,not_directional,52079,2.564125012,0.843464452,3,0.049180852,0.833333333,0.85
missingness,0.3,0.3,not_directional,52079,2.986582883,0.85687674,4,0.022026219,0.7,0.7
missingness,0.5,0.5,not_directional,52079,9.572796158,1.6543484,11,0.050079245,0.366666667,0.3
missingness,0.0,0.0,not_directional,52080,2.133510802,0.750040157,2,0.055619608,1.0,1.0
missingness,0.1,0.1,not_directional,52080,2.098395487,0.75251384,2,0.059350311,0.9,0.9
missingness,0.3,0.3,not_directional,52080,2.324630308,0.764580965,2,0.059357447,0.733333333,0.85
missingness,0.5,0.5,not_directional,52080,2.587942577,0.749722068,2,0.058288068,0.533333333,0.65
missingness,0.0,0.0,not_directional,52081,2.429757273,0.836582043,3,0.081636098,1.0,1.0
missingness,0.1,0.1,not_directional,52081,3.529487038,0.832513379,3,0.081627793,0.866666667,0.9
missingness,0.3,0.3,not_directional,52081,4.419266189,0.828423577,5,0.082225376,0.633333333,0.65
missingness,0.5,0.5,not_directional,52081,4.520903008,0.831132429,5,0.081004977,0.5,0.5
missingness,0.0,0.0,not_directional,52082,1.96745138,0.715884147,2,0.029516661,1.0,1.0
missingness,0.1,0.1,not_directional,52082,1.789017384,0.715884147,2,0.00891532,0.866666667,0.8
missingness,0.3,0.3,not_directional,52082,1.998140141,0.718599794,2,0.036289151,0.633333333,0.6
missingness,0.5,0.5,not_directional,52082,3.521047705,0.717278479,4,0.038541891,0.5,0.45
missingness,0.0,0.0,not_directional,52083,2.182691211,0.836787629,2,0.099734386,1.0,1.0
missingness,0.1,0.1,not_directional,52083,2.949254367,0.836787629,3,0.099732773,0.966666667,0.95
missingness,0.3,0.3,not_directional,52083,5.332973488,1.513091708,4,0.125027941,0.766666667,0.75
missingness,0.5,0.5,not_directional,52083,5.397647741,1.548986972,4,0.124558024,0.566666667,0.65
missingness,0.0,0.0,not_directional,52084,1.94662093,0.768575057,2,0.003282096,1.0,1.0
missingness,0.1,0.1,not_directional,52084,2.700353981,0.768575057,3,0.003427622,0.9,0.85
missingness,0.3,0.3,not_directional,52084,2.88226113,0.762258953,4,0.00147202,0.633333333,0.65
missingness,0.5,0.5,not_directional,52084,3.480233803,0.715286348,5,0.060732929,0.433333333,0.45
missingness,0.0,0.0,not_directional,52085,2.026214009,0.750064937,2,0.00701747,1.0,1.0
missingness,0.1,0.1,not_directional,52085,2.109675435,0.750129168,2,0.008659433,0.866666667,0.85
missingness,0.3,0.3,not_directional,52085,4.267605722,1.58554404,4,0.034092467,0.633333333,0.6
missingness,0.5,0.5,not_directional,52085,6.011341624,1.58554404,6,0.021342741,0.533333333,0.45
missingness,0.0,0.0,not_directional,52086,1.831082632,0.776260119,2,0.053969955,1.0,1.0
missingness,0.1,0.1,not_directional,52086,3.482033527,1.591756497,3,0.056866493,0.833333333,0.85
missingness,0.3,0.3,not_directional,52086,3.53687888,1.65746298,3,0.058102918,0.7,0.75
missingness,0.5,0.5,not_directional,52086,9.574561162,1.658321873,11,0.000255903,0.366666667,0.35
missingness,0.0,0.0,not_directional,52087,2.136760312,0.795593582,2,0.026197622,1.0,1.0
missingness,0.1,0.1,not_directional,52087,3.700800089,0.795567886,4,0.026202502,0.9,0.9
missingness,0.3,0.3,not_directional,52087,5.757760474,0.795740731,8,0.022761176,0.7,0.65
missingness,0.5,0.5,not_directional,52087,7.841231509,0.808653404,10,0.023441991,0.6,0.55
missingness,0.0,0.0,not_directional,52088,2.235404545,0.826867196,2,0.024075898,1.0,1.0
missingness,0.1,0.1,not_directional,52088,2.333134508,0.826867196,2,0.024051034,0.933333333,0.9
missingness,0.3,0.3,not_directional,52088,2.555797389,0.836059541,2,0.011195698,0.666666667,0.65
missingness,0.5,0.5,not_directional,52088,6.670059128,1.61627464,5,0.079340169,0.366666667,0.25
missingness,0.0,0.0,not_directional,52089,2.364156668,0.936160007,2,0.0818414,1.0,1.0
missingness,0.1,0.1,not_directional,52089,3.823999281,1.679076694,3,0.08186535,0.866666667,0.85
missingness,0.3,0.3,not_directional,52089,3.899379142,1.679076694,3,0.081988211,0.833333333,0.8
missingness,0.5,0.5,not_directional,52089,5.222270033,1.6853804,4,0.079945406,0.633333333,0.6
missingness,0.0,0.0,not_directional,52090,2.273451769,0.835440265,2,0.067660349,1.0,1.0
missingness,0.1,0.1,not_directional,52090,2.634223112,0.835440265,3,0.067847076,0.933333333,0.9
missingness,0.3,0.3,not_directional,52090,2.801949436,0.835591873,3,0.067611471,0.8,0.8
missingness,0.5,0.5,not_directional,52090,5.436181011,1.58035881,5,0.059801671,0.633333333,0.6
missingness,0.0,0.0,not_directional,52091,2.276137533,0.834156465,2,0.02005404,1.0,1.0
missingness,0.1,0.1,not_directional,52091,2.277841711,0.835062557,2,0.020054039,0.966666667,1.0
missingness,0.3,0.3,not_directional,52091,3.024102466,0.835062557,4,0.031581442,0.833333333,0.8
missingness,0.5,0.5,not_directional,52091,3.939415939,0.817266169,6,0.009512636,0.533333333,0.5
missingness,0.0,0.0,not_directional,52092,2.11481297,0.819021739,2,0.120934291,1.0,1.0
missingness,0.1,0.1,not_directional,52092,2.110680329,0.816871487,2,0.120934287,0.933333333,1.0
missingness,0.3,0.3,not_directional,52092,2.442793647,0.825270169,3,0.075317169,0.666666667,0.75
missingness,0.5,0.5,not_directional,52092,4.540060629,0.857239735,5,0.075672575,0.433333333,0.55
missingness,0.0,0.0,not_directional,52093,2.520486592,0.866918779,2,0.003329999,1.0,1.0
missingness,0.1,0.1,not_directional,52093,2.555099824,0.866894617,2,0.003042479,0.9,0.9
missingness,0.3,0.3,not_directional,52093,2.471188154,0.867552369,2,0.000917213,0.766666667,0.8
missingness,0.5,0.5,not_directional,52093,5.348030643,1.659940771,6,0.028154702,0.533333333,0.45
missingness,0.0,0.0,not_directional,52094,2.378231671,0.874020311,2,0.050080429,1.0,1.0
missingness,0.1,0.1,not_directional,52094,2.438014519,0.874020311,2,0.067456753,0.933333333,0.9
missingness,0.3,0.3,not_directional,52094,2.80829731,0.873927889,3,0.091941385,0.666666667,0.65
missingness,0.5,0.5,not_directional,52094,4.264812464,1.574724238,4,0.022128668,0.3,0.35
missingness,0.0,0.0,not_directional,52095,2.20645306,0.836835779,2,0.117863784,1.0,1.0
missingness,0.1,0.1,not_directional,52095,2.205406416,0.832584396,2,0.118218747,0.9,0.9
missingness,0.3,0.3,not_directional,52095,2.262053342,0.832584396,2,0.081083494,0.8,0.75
missingness,0.5,0.5,not_directional,52095,2.436779763,0.834212098,2,0.064204226,0.6,0.55
missingness,0.0,0.0,not_directional,52096,2.349532869,0.915195916,2,0.078990887,1.0,1.0
missingness,0.1,0.1,not_directional,52096,2.263896566,0.871405233,2,0.066693175,0.8,0.75
missingness,0.3,0.3,not_directional,52096,3.934837149,1.635330378,3,0.078196855,0.533333333,0.4
missingness,0.5,0.5,not_directional,52096,8.165647698,1.633291341,10,0.144849666,0.3,0.15
missingness,0.0,0.0,not_directional,52097,2.049523371,0.709201325,2,0.056325228,1.0,1.0
missingness,0.1,0.1,not_directional,52097,3.824367785,1.57303602,4,0.057533508,0.8,0.75
missingness,0.3,0.3,not_directional,52097,4.944415106,1.61841322,4,0.036924562,0.533333333,0.5
missingness,0.5,0.5,not_directional,52097,9.131944422,1.61607629,9,0.030436013,0.4,0.35
missingness,0.0,0.0,not_directional,52098,1.933366365,0.806846681,2,0.011128361,1.0,1.0
missingness,0.1,0.1,not_directional,52098,1.900646837,0.743726435,2,0.011079177,0.933333333,0.95
missingness,0.3,0.3,not_directional,52098,1.91339477,0.787519727,2,0.011194215,0.733333333,0.8
missingness,0.5,0.5,not_directional,52098,1.787681691,0.742914528,2,0.01090426,0.5,0.65
missingness,0.0,0.0,not_directional,52099,2.198504714,0.793443474,2,0.020878932,1.0,1.0
missingness,0.1,0.1,not_directional,52099,2.178096235,0.79338036,2,0.020876737,0.833333333,0.9
missingness,0.3,0.3,not_directional,52099,3.05799184,0.79338036,3,0.021049698,0.733333333,0.75
missingness,0.5,0.5,not_directional,52099,3.581662847,0.792560876,6,0.019452522,0.6,0.65
systematic_bias,0.0,-0.0,negative_away_from_postchange_reference,52000,2.488091387,0.870540724,2,0.03479456,1.0,1.0
systematic_bias,0.2,-0.2,negative_away_from_postchange_reference,52000,5.394105286,1.028262056,4,0.234794479,1.0,1.0
systematic_bias,0.4,-0.4,negative_away_from_postchange_reference,52000,9.204545026,1.133481835,20,0.434794298,1.0,1.0
systematic_bias,0.8,-0.8,negative_away_from_postchange_reference,52000,16.804545407,1.333481835,20,0.834793917,1.0,1.0
systematic_bias,0.0,-0.0,negative_away_from_postchange_reference,52001,1.840149378,0.736693556,2,0.018443517,1.0,1.0
systematic_bias,0.2,-0.2,negative_away_from_postchange_reference,52001,5.33845514,0.936254137,3,0.181241444,1.0,1.0
systematic_bias,0.4,-0.4,negative_away_from_postchange_reference,52001,9.203965113,1.069009059,19,0.381241316,1.0,1.0
systematic_bias,0.8,-0.8,negative_away_from_postchange_reference,52001,16.80401233,1.269032477,20,0.781240934,1.0,1.0
systematic_bias,0.0,-0.0,negative_away_from_postchange_reference,52002,2.465381218,0.735789069,2,0.105893416,1.0,1.0
systematic_bias,0.2,-0.2,negative_away_from_postchange_reference,52002,5.329730554,0.917925093,5,0.305756431,1.0,1.0
systematic_bias,0.4,-0.4,negative_away_from_postchange_reference,52002,9.155531819,1.030825643,18,0.505756265,1.0,1.0
systematic_bias,0.8,-0.8,negative_away_from_postchange_reference,52002,16.755532201,1.230825643,20,0.905755883,1.0,1.0
systematic_bias,0.0,-0.0,negative_away_from_postchange_reference,52003,2.538859008,0.814967683,2,0.048034455,1.0,1.0
systematic_bias,0.2,-0.2,negative_away_from_postchange_reference,52003,5.77482715,0.980428444,5,0.247958997,1.0,1.0
systematic_bias,0.4,-0.4,negative_away_from_postchange_reference,52003,9.593562369,1.089795967,19,0.447958824,1.0,1.0
systematic_bias,0.8,-0.8,negative_away_from_postchange_reference,52003,17.19356275,1.289795967,20,0.847958443,1.0,1.0
systematic_bias,0.0,-0.0,negative_away_from_postchange_reference,52004,1.91912236,0.790318023,2,0.050502728,1.0,1.0
systematic_bias,0.2,-0.2,negative_away_from_postchange_reference,52004,5.50195221,0.989618457,3,0.149495451,1.0,1.0
systematic_bias,0.4,-0.4,negative_away_from_postchange_reference,52004,9.383859119,1.130571855,19,0.349495339,1.0,1.0
systematic_bias,0.8,-0.8,negative_away_from_postchange_reference,52004,16.983859501,1.330571855,20,0.749494957,1.0,1.0
systematic_bias,0.0,-0.0,negative_away_from_postchange_reference,52005,2.244214097,0.869149163,3,0.0759421,1.0,1.0
systematic_bias,0.2,-0.2,negative_away_from_postchange_reference,52005,6.205788624,1.053659444,3,0.27594207,1.0,1.0
systematic_bias,0.4,-0.4,negative_away_from_postchange_reference,52005,10.042629595,1.172079852,20,0.475941914,1.0,1.0
systematic_bias,0.8,-0.8,negative_away_from_postchange_reference,52005,17.642643257,1.372086492,20,0.875941533,1.0,1.0
systematic_bias,0.0,-0.0,negative_away_from_postchange_reference,52006,2.026997342,0.847093008,2,0.069682547,1.0,1.0
systematic_bias,0.2,-0.2,negative_away_from_postchange_reference,52006,5.732551171,1.009341174,5,0.269682475,1.0,1.0
systematic_bias,0.4,-0.4,negative_away_from_postchange_reference,52006,9.552701687,1.119416347,20,0.469682303,1.0,1.0
systematic_bias,0.8,-0.8,negative_away_from_postchange_reference,52006,17.152767746,1.319449185,20,0.869681922,1.0,1.0
systematic_bias,0.0,-0.0,negative_away_from_postchange_reference,52007,2.300395483,0.809441692,2,0.101142065,1.0,1.0
systematic_bias,0.2,-0.2,negative_away_from_postchange_reference,52007,5.774900947,0.991487736,7,0.30114203,1.0,1.0
systematic_bias,0.4,-0.4,negative_away_from_postchange_reference,52007,9.577321385,1.09269786,20,0.501141842,1.0,1.0
systematic_bias,0.8,-0.8,negative_away_from_postchange_reference,52007,17.177321766,1.29269786,20,0.90114146,1.0,1.0
systematic_bias,0.0,-0.0,negative_away_from_postchange_reference,52008,2.227553451,0.812421553,2,0.055563599,1.0,1.0
systematic_bias,0.2,-0.2,negative_away_from_postchange_reference,52008,5.206858788,1.008259146,3,0.255563591,1.0,1.0
systematic_bias,0.4,-0.4,negative_away_from_postchange_reference,52008,9.085899043,1.147779216,20,0.455563475,1.0,1.0
systematic_bias,0.8,-0.8,negative_away_from_postchange_reference,52008,16.685899424,1.347779216,20,0.855563094,1.0,1.0
systematic_bias,0.0,-0.0,negative_away_from_postchange_reference,52009,2.075197228,0.794459532,2,0.01261579,1.0,1.0
systematic_bias,0.2,-0.2,negative_away_from_postchange_reference,52009,5.285377122,0.979476752,4,0.18117604,1.0,1.0
systematic_bias,0.4,-0.4,negative_away_from_postchange_reference,52009,9.194580594,1.134078445,19,0.381175953,1.0,1.0
systematic_bias,0.8,-0.8,negative_away_from_postchange_reference,52009,16.796754809,1.335165363,20,0.781175574,1.0,1.0
systematic_bias,0.0,-0.0,negative_away_from_postchange_reference,52010,2.102893116,0.765598536,2,0.058184167,1.0,1.0
systematic_bias,0.2,-0.2,negative_away_from_postchange_reference,52010,5.556228982,0.949578577,5,0.258183678,1.0,1.0
systematic_bias,0.4,-0.4,negative_away_from_postchange_reference,52010,9.392184544,1.06755628,20,0.458183522,1.0,1.0
systematic_bias,0.8,-0.8,negative_away_from_postchange_reference,52010,16.992184926,1.26755628,20,0.85818314,1.0,1.0
systematic_bias,0.0,-0.0,negative_away_from_postchange_reference,52011,2.067514324,0.797954943,2,0.090232111,1.0,1.0
systematic_bias,0.2,-0.2,negative_away_from_postchange_reference,52011,5.35322693,0.977551438,4,0.109766368,1.0,1.0
systematic_bias,0.4,-0.4,negative_away_from_postchange_reference,52011,9.205533657,1.103704731,20,0.309766227,1.0,1.0
systematic_bias,0.8,-0.8,negative_away_from_postchange_reference,52011,16.805534038,1.303704731,20,0.709765845,1.0,1.0
systematic_bias,0.0,-0.0,negative_away_from_postchange_reference,52012,2.291843119,0.753580726,2,0.009679829,1.0,1.0
systematic_bias,0.2,-0.2,negative_away_from_postchange_reference,52012,6.023060778,0.939965014,6,0.190320145,1.0,1.0
systematic_bias,0.4,-0.4,negative_away_from_postchange_reference,52012,9.86395271,1.060410904,20,0.390319993,1.0,1.0
systematic_bias,0.8,-0.8,negative_away_from_postchange_reference,52012,17.463953091,1.260410904,20,0.790319612,1.0,1.0
systematic_bias,0.0,-0.0,negative_away_from_postchange_reference,52013,2.360970539,0.788166014,2,0.012669905,1.0,1.0
systematic_bias,0.2,-0.2,negative_away_from_postchange_reference,52013,5.712900936,0.987802678,4,0.212610336,1.0,1.0
systematic_bias,0.4,-0.4,negative_away_from_postchange_reference,52013,9.62530293,1.144003634,19,0.412610252,1.0,1.0
systematic_bias,0.8,-0.8,negative_away_from_postchange_reference,52013,17.225303311,1.344003634,20,0.812609871,1.0,1.0
systematic_bias,0.0,-0.0,negative_away_from_postchange_reference,52014,1.798991347,0.720290698,1,0.029158267,1.0,1.0
systematic_bias,0.2,-0.2,negative_away_from_postchange_reference,52014,4.751693231,0.913147196,3,0.229153297,1.0,1.0
systematic_bias,0.4,-0.4,negative_away_from_postchange_reference,52014,8.57127631,1.02293865,19,0.429153125,1.0,1.0
systematic_bias,0.8,-0.8,negative_away_from_postchange_reference,52014,16.17134934,1.222974974,20,0.829152743,1.0,1.0
systematic_bias,0.0,-0.0,negative_away_from_postchange_reference,52015,2.411421949,0.814093428,2,0.079128607,1.0,1.0
systematic_bias,0.2,-0.2,negative_away_from_postchange_reference,52015,5.974546062,1.005160148,3,0.279128141,1.0,1.0
systematic_bias,0.4,-0.4,negative_away_from_postchange_reference,52015,9.836729298,1.1362517,20,0.47912801,1.0,1.0
systematic_bias,0.8,-0.8,negative_away_from_postchange_reference,52015,17.43687478,1.33632425,20,0.879127628,1.0,1.0
systematic_bias,0.0,-0.0,negative_away_from_postchange_reference,52016,2.046563423,0.767102115,2,0.02463256,1.0,1.0
systematic_bias,0.2,-0.2,negative_away_from_postchange_reference,52016,5.770727173,0.95198185,3,0.224632531,1.0,1.0
systematic_bias,0.4,-0.4,negative_away_from_postchange_reference,52016,9.624208412,1.0787224,20,0.424632391,1.0,1.0
systematic_bias,0.8,-0.8,negative_away_from_postchange_reference,52016,17.224208793,1.2787224,20,0.824632009,1.0,1.0
systematic_bias,0.0,-0.0,negative_away_from_postchange_reference,52017,2.081227363,0.790193959,2,0.074460028,1.0,1.0
systematic_bias,0.2,-0.2,negative_away_from_postchange_reference,52017,5.422722537,0.983694278,3,0.274460015,1.0,1.0
systematic_bias,0.4,-0.4,negative_away_from_postchange_reference,52017,9.313823756,1.129244836,20,0.474459912,1.0,1.0
systematic_bias,0.8,-0.8,negative_away_from_postchange_reference,52017,16.913824137,1.329244836,20,0.87445953,1.0,1.0
systematic_bias,0.0,-0.0,negative_away_from_postchange_reference,52018,2.001186227,0.834305957,2,0.077915245,1.0,1.0
systematic_bias,0.2,-0.2,negative_away_from_postchange_reference,52018,5.393850574,1.024272913,3,0.122084735,1.0,1.0
systematic_bias,0.4,-0.4,negative_away_from_postchange_reference,52018,9.210265995,1.132480535,20,0.32208456,1.0,1.0
systematic_bias,0.8,-0.8,negative_away_from_postchange_reference,52018,16.81042098,1.332557837,20,0.722084179,1.0,1.0
systematic_bias,0.0,-0.0,negative_away_from_postchange_reference,52019,2.09716538,0.752333653,2,0.076806386,1.0,1.0
systematic_bias,0.2,-0.2,negative_away_from_postchange_reference,52019,5.439788313,0.949011335,4,0.276806379,1.0,1.0
systematic_bias,0.4,-0.4,negative_away_from_postchange_reference,52019,9.307612447,1.082923339,20,0.476806253,1.0,1.0
systematic_bias,0.8,-0.8,negative_away_from_postchange_reference,52019,16.907612829,1.282923339,20,0.876805872,1.0,1.0
systematic_bias,0.0,-0.0,negative_away_from_postchange_reference,52020,2.118503862,0.798866708,2,0.051225357,1.0,1.0
systematic_bias,0.2,-0.2,negative_away_from_postchange_reference,52020,5.142837469,0.987252716,4,0.251211291,1.0,1.0
systematic_bias,0.4,-0.4,negative_away_from_postchange_reference,52020,8.973648763,1.102658282,19,0.451211129,1.0,1.0
systematic_bias,0.8,-0.8,negative_away_from_postchange_reference,52020,16.573649144,1.302658282,20,0.851210748,1.0,1.0
systematic_bias,0.0,-0.0,negative_away_from_postchange_reference,52021,2.044494027,0.741592729,1,0.030944337,1.0,1.0
systematic_bias,0.2,-0.2,negative_away_from_postchange_reference,52021,5.167903742,0.921406139,3,0.230873843,1.0,1.0
systematic_bias,0.4,-0.4,negative_away_from_postchange_reference,52021,8.987983525,1.031445944,18,0.430873671,1.0,1.0
systematic_bias,0.8,-0.8,negative_away_from_postchange_reference,52021,16.587983906,1.231445944,20,0.83087329,1.0,1.0
systematic_bias,0.0,-0.0,negative_away_from_postchange_reference,52022,2.306259799,0.782779954,2,0.046051604,1.0,1.0
systematic_bias,0.2,-0.2,negative_away_from_postchange_reference,52022,5.495438711,0.963480895,5,0.246051567,1.0,1.0
systematic_bias,0.4,-0.4,negative_away_from_postchange_reference,52022,9.305557454,1.068540176,20,0.446051386,1.0,1.0
systematic_bias,0.8,-0.8,negative_away_from_postchange_reference,52022,16.905557835,1.268540176,20,0.846051005,1.0,1.0
systematic_bias,0.0,-0.0,negative_away_from_postchange_reference,52023,2.654576869,0.951844023,2,0.07662765,1.0,1.0
systematic_bias,0.2,-0.2,negative_away_from_postchange_reference,52023,5.176299411,1.077461214,4,0.276627449,1.0,1.0
systematic_bias,0.4,-0.4,negative_away_from_postchange_reference,52023,8.98590732,1.182265078,18,0.476627267,1.0,1.0
systematic_bias,0.8,-0.8,negative_away_from_postchange_reference,52023,16.585907702,1.382265078,20,0.876626885,1.0,1.0
systematic_bias,0.0,-0.0,negative_away_from_postchange_reference,52024,2.52073826,0.779596323,2,0.044475478,1.0,1.0
systematic_bias,0.2,-0.2,negative_away_from_postchange_reference,52024,5.768323421,0.972493039,5,0.244475464,1.0,1.0
systematic_bias,0.4,-0.4,negative_away_from_postchange_reference,52024,9.665763761,1.12121316,20,0.444475367,1.0,1.0
systematic_bias,0.8,-0.8,negative_away_from_postchange_reference,52024,17.265764143,1.32121316,20,0.844474985,1.0,1.0
systematic_bias,0.0,-0.0,negative_away_from_postchange_reference,52025,2.109631732,0.83545739,2,0.085609788,1.0,1.0
systematic_bias,0.2,-0.2,negative_away_from_postchange_reference,52025,4.719806943,1.011699844,3,0.112756354,1.0,1.0
systematic_bias,0.4,-0.4,negative_away_from_postchange_reference,52025,8.523554405,1.113573481,17,0.312756166,1.0,1.0
systematic_bias,0.8,-0.8,negative_away_from_postchange_reference,52025,16.123554787,1.313573481,20,0.712755785,1.0,1.0
systematic_bias,0.0,-0.0,negative_away_from_postchange_reference,52026,2.529305648,0.841541309,2,0.023883851,1.0,1.0
systematic_bias,0.2,-0.2,negative_away_from_postchange_reference,52026,6.180424994,1.035391814,6,0.223883839,1.0,1.0
systematic_bias,0.4,-0.4,negative_away_from_postchange_reference,52026,10.073838688,1.182098611,20,0.423883737,1.0,1.0
systematic_bias,0.8,-0.8,negative_away_from_postchange_reference,52026,17.67383907,1.382098611,20,0.823883356,1.0,1.0
systematic_bias,0.0,-0.0,negative_away_from_postchange_reference,52027,2.172272378,0.801615923,2,0.042737852,1.0,1.0
systematic_bias,0.2,-0.2,negative_away_from_postchange_reference,52027,5.867119516,0.964396974,4,0.157262077,1.0,1.0
systematic_bias,0.4,-0.4,negative_away_from_postchange_reference,52027,9.675478139,1.068576194,20,0.357261894,1.0,1.0
systematic_bias,0.8,-0.8,negative_away_from_postchange_reference,52027,17.275519835,1.268596851,20,0.757261513,1.0,1.0
systematic_bias,0.0,-0.0,negative_away_from_postchange_reference,52028,2.859348412,0.86198175,2,0.013600827,1.0,1.0
systematic_bias,0.2,-0.2,negative_away_from_postchange_reference,52028,6.473772563,1.027490279,11,0.186398841,1.0,1.0
systematic_bias,0.4,-0.4,negative_away_from_postchange_reference,52028,10.280467629,1.13083772,20,0.386398657,1.0,1.0
systematic_bias,0.8,-0.8,negative_away_from_postchange_reference,52028,17.880468011,1.33083772,20,0.786398275,1.0,1.0
systematic_bias,0.0,-0.0,negative_away_from_postchange_reference,52029,2.253922536,0.786558319,2,0.002191636,1.0,1.0
systematic_bias,0.2,-0.2,negative_away_from_postchange_reference,52029,4.989203604,0.965817127,3,0.197756344,1.0,1.0
systematic_bias,0.4,-0.4,negative_away_from_postchange_reference,52029,8.80277503,1.072602751,18,0.397756167,1.0,1.0
systematic_bias,0.8,-0.8,negative_away_from_postchange_reference,52029,16.402775412,1.272602751,20,0.797755785,1.0,1.0
systematic_bias,0.0,-0.0,negative_away_from_postchange_reference,52030,2.040770353,0.822640145,2,0.023937317,1.0,1.0
systematic_bias,0.2,-0.2,negative_away_from_postchange_reference,52030,5.731112818,0.965005174,4,0.176062573,1.0,1.0
systematic_bias,0.4,-0.4,negative_away_from_postchange_reference,52030,9.581224619,1.090061003,20,0.37606243,1.0,1.0
systematic_bias,0.8,-0.8,negative_away_from_postchange_reference,52030,17.194110255,1.296503636,20,0.776062061,1.0,1.0
systematic_bias,0.0,-0.0,negative_away_from_postchange_reference,52031,2.157409666,0.762185584,2,0.043056579,1.0,1.0
systematic_bias,0.2,-0.2,negative_away_from_postchange_reference,52031,5.744099902,0.960040503,6,0.156943417,1.0,1.0
systematic_bias,0.4,-0.4,negative_away_from_postchange_reference,52031,9.607758024,1.091869499,20,0.356943286,1.0,1.0
systematic_bias,0.8,-0.8,negative_away_from_postchange_reference,52031,17.207758406,1.291869499,20,0.756942905,1.0,1.0
systematic_bias,0.0,-0.0,negative_away_from_postchange_reference,52032,2.20483043,0.741817868,2,0.031880123,1.0,1.0
systematic_bias,0.2,-0.2,negative_away_from_postchange_reference,52032,5.265038947,0.921061906,3,0.231880083,1.0,1.0
systematic_bias,0.4,-0.4,negative_away_from_postchange_reference,52032,9.100292095,1.038688401,18,0.431879926,1.0,1.0
systematic_bias,0.8,-0.8,negative_away_from_postchange_reference,52032,16.700292477,1.238688401,20,0.831879545,1.0,1.0
systematic_bias,0.0,-0.0,negative_away_from_postchange_reference,52033,2.52035576,0.792626923,2,0.02131134,1.0,1.0
systematic_bias,0.2,-0.2,negative_away_from_postchange_reference,52033,4.570093432,0.979148514,3,0.221311315,1.0,1.0
systematic_bias,0.4,-0.4,negative_away_from_postchange_reference,52033,8.419464872,1.103834162,17,0.421311171,1.0,1.0
systematic_bias,0.8,-0.8,negative_away_from_postchange_reference,52033,16.019465254,1.303834162,20,0.821310789,1.0,1.0
systematic_bias,0.0,-0.0,negative_away_from_postchange_reference,52034,2.386299187,0.84395655,2,0.078917286,1.0,1.0
systematic_bias,0.2,-0.2,negative_away_from_postchange_reference,52034,5.833728381,1.000923342,5,0.103510962,1.0,1.0
systematic_bias,0.4,-0.4,negative_away_from_postchange_reference,52034,9.648208862,1.108163494,20,0.303510785,1.0,1.0
systematic_bias,0.8,-0.8,negative_away_from_postchange_reference,52034,17.248209243,1.308163494,20,0.703510404,1.0,1.0
systematic_bias,0.0,-0.0,negative_away_from_postchange_reference,52035,2.160057381,0.790865751,2,0.027584677,1.0,1.0
systematic_bias,0.2,-0.2,negative_away_from_postchange_reference,52035,5.572773294,0.97968685,5,0.172415302,1.0,1.0
systematic_bias,0.4,-0.4,negative_away_from_postchange_reference,52035,9.485047668,1.135823995,20,0.372415218,1.0,1.0
systematic_bias,0.8,-0.8,negative_away_from_postchange_reference,52035,17.089526802,1.338063374,20,0.772414841,1.0,1.0
systematic_bias,0.0,-0.0,negative_away_from_postchange_reference,52036,2.351363092,0.852601227,2,0.019557804,1.0,1.0
systematic_bias,0.2,-0.2,negative_away_from_postchange_reference,52036,5.340838023,1.024666991,4,0.219556676,1.0,1.0
systematic_bias,0.4,-0.4,negative_away_from_postchange_reference,52036,9.144695231,1.126595501,18,0.419556489,1.0,1.0
systematic_bias,0.8,-0.8,negative_away_from_postchange_reference,52036,16.744695613,1.326595501,20,0.819556108,1.0,1.0
systematic_bias,0.0,-0.0,negative_away_from_postchange_reference,52037,2.367981516,0.731833333,2,0.035670243,1.0,1.0
systematic_bias,0.2,-0.2,negative_away_from_postchange_reference,52037,5.613846497,0.922951966,6,0.235670226,1.0,1.0
systematic_bias,0.4,-0.4,negative_away_from_postchange_reference,52037,9.465805199,1.048931246,20,0.435670085,1.0,1.0
systematic_bias,0.8,-0.8,negative_away_from_postchange_reference,52037,17.06580558,1.248931246,20,0.835669703,1.0,1.0
systematic_bias,0.0,-0.0,negative_away_from_postchange_reference,52038,2.692802769,0.769708165,2,0.062987907,1.0,1.0
systematic_bias,0.2,-0.2,negative_away_from_postchange_reference,52038,5.779520659,0.967751881,8,0.137012089,1.0,1.0
systematic_bias,0.4,-0.4,negative_away_from_postchange_reference,52038,9.667721806,1.111852402,20,0.337011983,1.0,1.0
systematic_bias,0.8,-0.8,negative_away_from_postchange_reference,52038,17.267722188,1.311852402,20,0.737011601,1.0,1.0
systematic_bias,0.0,-0.0,negative_away_from_postchange_reference,52039,2.218547592,0.744348886,2,0.097575985,1.0,1.0
systematic_bias,0.2,-0.2,negative_away_from_postchange_reference,52039,5.738921748,0.937162173,5,0.297575971,1.0,1.0
systematic_bias,0.4,-0.4,negative_away_from_postchange_reference,52039,9.602830521,1.069116494,20,0.497575842,1.0,1.0
systematic_bias,0.8,-0.8,negative_away_from_postchange_reference,52039,17.202830902,1.269116494,20,0.89757546,1.0,1.0
systematic_bias,0.0,-0.0,negative_away_from_postchange_reference,52040,2.539420287,0.880398771,2,0.002285199,1.0,1.0
systematic_bias,0.2,-0.2,negative_away_from_postchange_reference,52040,5.952583803,1.075560227,6,0.20228519,1.0,1.0
systematic_bias,0.4,-0.4,negative_away_from_postchange_reference,52040,9.81379596,1.20616624,20,0.402285057,1.0,1.0
systematic_bias,0.8,-0.8,negative_away_from_postchange_reference,52040,17.413796342,1.40616624,20,0.802284676,1.0,1.0
systematic_bias,0.0,-0.0,negative_away_from_postchange_reference,52041,2.573681014,0.834649521,3,0.013231841,1.0,1.0
systematic_bias,0.2,-0.2,negative_away_from_postchange_reference,52041,5.760075532,1.001430011,4,0.186768095,1.0,1.0
systematic_bias,0.4,-0.4,negative_away_from_postchange_reference,52041,9.572830469,1.10780739,19,0.386767917,1.0,1.0
systematic_bias,0.8,-0.8,negative_away_from_postchange_reference,52041,17.17283085,1.30780739,20,0.786767535,1.0,1.0
systematic_bias,0.0,-0.0,negative_away_from_postchange_reference,52042,2.138038877,0.732172433,2,0.045157984,1.0,1.0
systematic_bias,0.2,-0.2,negative_away_from_postchange_reference,52042,4.990055425,0.920500667,4,0.15483368,1.0,1.0
systematic_bias,0.4,-0.4,negative_away_from_postchange_reference,52042,8.861587259,1.056266523,19,0.354833557,1.0,1.0
systematic_bias,0.8,-0.8,negative_away_from_postchange_reference,52042,16.4625754,1.256760403,20,0.754833177,1.0,1.0
systematic_bias,0.0,-0.0,negative_away_from_postchange_reference,52043,2.357387613,0.819660026,2,0.097032704,1.0,1.0
systematic_bias,0.2,-0.2,negative_away_from_postchange_reference,52043,5.787683096,0.97005215,5,0.070664469,1.0,1.0
systematic_bias,0.4,-0.4,negative_away_from_postchange_reference,52043,9.601169517,1.076795272,19,0.270664291,1.0,1.0
systematic_bias,0.8,-0.8,negative_away_from_postchange_reference,52043,17.201169898,1.276795272,20,0.670663909,1.0,1.0
systematic_bias,0.0,-0.0,negative_away_from_postchange_reference,52044,2.078998992,0.795133438,2,0.111687563,1.0,1.0
systematic_bias,0.2,-0.2,negative_away_from_postchange_reference,52044,5.227167162,0.990964521,3,0.088312429,1.0,1.0
systematic_bias,0.4,-0.4,negative_away_from_postchange_reference,52044,9.036272607,1.095517152,18,0.288312247,1.0,1.0
systematic_bias,0.8,-0.8,negative_away_from_postchange_reference,52044,16.636272989,1.295517152,20,0.688311865,1.0,1.0
systematic_bias,0.0,-0.0,negative_away_from_postchange_reference,52045,2.349147228,0.827523665,2,0.05225554,1.0,1.0
systematic_bias,0.2,-0.2,negative_away_from_postchange_reference,52045,5.140706296,1.020208054,4,0.147248032,1.0,1.0
systematic_bias,0.4,-0.4,negative_away_from_postchange_reference,52045,9.019895454,1.159802575,19,0.347247917,1.0,1.0
systematic_bias,0.8,-0.8,negative_away_from_postchange_reference,52045,16.619895835,1.359802575,20,0.747247535,1.0,1.0
systematic_bias,0.0,-0.0,negative_away_from_postchange_reference,52046,2.365318264,0.732237859,2,0.129068486,1.0,1.0
systematic_bias,0.2,-0.2,negative_away_from_postchange_reference,52046,5.485243488,0.876307645,3,0.070575046,1.0,1.0
systematic_bias,0.4,-0.4,negative_away_from_postchange_reference,52046,9.294497898,0.980934759,18,0.270574864,1.0,1.0
systematic_bias,0.8,-0.8,negative_away_from_postchange_reference,52046,16.89449828,1.180934759,20,0.670574483,1.0,1.0
systematic_bias,0.0,-0.0,negative_away_from_postchange_reference,52047,1.864531371,0.691373215,2,0.019889643,1.0,1.0
systematic_bias,0.2,-0.2,negative_away_from_postchange_reference,52047,4.834770689,0.850558354,3,0.219889566,1.0,1.0
systematic_bias,0.4,-0.4,negative_away_from_postchange_reference,52047,8.661999377,0.964172616,19,0.419889401,1.0,1.0
systematic_bias,0.8,-0.8,negative_away_from_postchange_reference,52047,16.261999759,1.164172616,20,0.819889019,1.0,1.0
systematic_bias,0.0,-0.0,negative_away_from_postchange_reference,52048,2.194284796,0.764693828,2,0.023345358,1.0,1.0
systematic_bias,0.2,-0.2,negative_away_from_postchange_reference,52048,5.701816009,0.96229019,4,0.176654637,1.0,1.0
systematic_bias,0.4,-0.4,negative_away_from_postchange_reference,52048,9.514377284,1.068570738,20,0.376654459,1.0,1.0
systematic_bias,0.8,-0.8,negative_away_from_postchange_reference,52048,17.114380739,1.268572275,20,0.776654077,1.0,1.0
systematic_bias,0.0,-0.0,negative_away_from_postchange_reference,52049,2.086036672,0.790060631,2,0.027741352,1.0,1.0
systematic_bias,0.2,-0.2,negative_away_from_postchange_reference,52049,5.704349007,0.984838907,4,0.172258638,1.0,1.0
systematic_bias,0.4,-0.4,negative_away_from_postchange_reference,52049,9.570196533,1.117762606,20,0.37225851,1.0,1.0
systematic_bias,0.8,-0.8,negative_away_from_postchange_reference,52049,17.170196915,1.317762606,20,0.772258129,1.0,1.0
systematic_bias,0.0,-0.0,negative_away_from_postchange_reference,52050,2.371939495,0.862711485,2,0.013767476,1.0,1.0
systematic_bias,0.2,-0.2,negative_away_from_postchange_reference,52050,5.200358034,1.02158244,4,0.186215793,1.0,1.0
systematic_bias,0.4,-0.4,negative_away_from_postchange_reference,52050,9.020305394,1.131556034,19,0.386215621,1.0,1.0
systematic_bias,0.8,-0.8,negative_away_from_postchange_reference,52050,16.620305776,1.331556034,20,0.78621524,1.0,1.0
systematic_bias,0.0,-0.0,negative_away_from_postchange_reference,52051,1.745007602,0.716653193,2,0.023217275,1.0,1.0
systematic_bias,0.2,-0.2,negative_away_from_postchange_reference,52051,5.027170502,0.88468967,3,0.176782664,1.0,1.0
systematic_bias,0.4,-0.4,negative_away_from_postchange_reference,52051,8.838006566,0.990107612,20,0.376782484,1.0,1.0
systematic_bias,0.8,-0.8,negative_away_from_postchange_reference,52051,16.438282659,1.190245468,20,0.776782102,1.0,1.0
systematic_bias,0.0,-0.0,negative_away_from_postchange_reference,52052,2.227378524,0.808252281,2,0.05480742,1.0,1.0
systematic_bias,0.2,-0.2,negative_away_from_postchange_reference,52052,5.815484372,0.995049853,5,0.145192554,1.0,1.0
systematic_bias,0.4,-0.4,negative_away_from_postchange_reference,52052,9.635305881,1.104960522,20,0.345192383,1.0,1.0
systematic_bias,0.8,-0.8,negative_away_from_postchange_reference,52052,17.236608189,1.305611486,20,0.745192002,1.0,1.0
systematic_bias,0.0,-0.0,negative_away_from_postchange_reference,52053,2.565818249,0.844836173,2,0.059300896,1.0,1.0
systematic_bias,0.2,-0.2,negative_away_from_postchange_reference,52053,6.402623059,1.041351528,6,0.25930089,1.0,1.0
systematic_bias,0.4,-0.4,negative_away_from_postchange_reference,52053,10.25424738,1.167163618,20,0.459300748,1.0,1.0
systematic_bias,0.8,-0.8,negative_away_from_postchange_reference,52053,17.854247761,1.367163618,20,0.859300367,1.0,1.0
systematic_bias,0.0,-0.0,negative_away_from_postchange_reference,52054,2.379693637,0.785606131,2,0.035829177,1.0,1.0
systematic_bias,0.2,-0.2,negative_away_from_postchange_reference,52054,5.649915466,0.984491708,6,0.235829175,1.0,1.0
systematic_bias,0.4,-0.4,negative_away_from_postchange_reference,52054,9.53165057,1.125359203,20,0.435829062,1.0,1.0
systematic_bias,0.8,-0.8,negative_away_from_postchange_reference,52054,17.131650952,1.325359203,20,0.835828681,1.0,1.0
systematic_bias,0.0,-0.0,negative_away_from_postchange_reference,52055,2.337894947,0.740684805,2,0.066171487,1.0,1.0
systematic_bias,0.2,-0.2,negative_away_from_postchange_reference,52055,5.882114616,0.934150076,6,0.266171475,1.0,1.0
systematic_bias,0.4,-0.4,negative_away_from_postchange_reference,52055,9.72346228,1.054823832,20,0.466171324,1.0,1.0
systematic_bias,0.8,-0.8,negative_away_from_postchange_reference,52055,17.323462662,1.254823832,20,0.866170942,1.0,1.0
systematic_bias,0.0,-0.0,negative_away_from_postchange_reference,52056,1.896129298,0.731372196,2,0.033456304,1.0,1.0
systematic_bias,0.2,-0.2,negative_away_from_postchange_reference,52056,5.179527965,0.924911903,4,0.166543684,1.0,1.0
systematic_bias,0.4,-0.4,negative_away_from_postchange_reference,52056,9.039508567,1.054902138,20,0.36654355,1.0,1.0
systematic_bias,0.8,-0.8,negative_away_from_postchange_reference,52056,16.639508949,1.254902138,20,0.766543169,1.0,1.0
systematic_bias,0.0,-0.0,negative_away_from_postchange_reference,52057,2.411754363,0.737905571,2,0.009020338,1.0,1.0
systematic_bias,0.2,-0.2,negative_away_from_postchange_reference,52057,5.281736201,0.925936244,5,0.208768308,1.0,1.0
systematic_bias,0.4,-0.4,negative_away_from_postchange_reference,52057,9.126086603,1.04811137,19,0.40876816,1.0,1.0
systematic_bias,0.8,-0.8,negative_away_from_postchange_reference,52057,16.726086984,1.24811137,20,0.808767779,1.0,1.0
systematic_bias,0.0,-0.0,negative_away_from_postchange_reference,52058,2.23070043,0.762559062,2,0.117968576,1.0,1.0
systematic_bias,0.2,-0.2,negative_away_from_postchange_reference,52058,4.889971278,0.956026297,4,0.078560647,1.0,1.0
systematic_bias,0.4,-0.4,negative_away_from_postchange_reference,52058,8.743971959,1.083026567,18,0.278560507,1.0,1.0
systematic_bias,0.8,-0.8,negative_away_from_postchange_reference,52058,16.34397234,1.283026567,20,0.678560126,1.0,1.0
systematic_bias,0.0,-0.0,negative_away_from_postchange_reference,52059,2.04069074,0.745223359,1,0.021615335,1.0,1.0
systematic_bias,0.2,-0.2,negative_away_from_postchange_reference,52059,5.41397383,0.914272503,5,0.221615276,1.0,1.0
systematic_bias,0.4,-0.4,negative_away_from_postchange_reference,52059,9.222343131,1.018457062,20,0.421615094,1.0,1.0
systematic_bias,0.8,-0.8,negative_away_from_postchange_reference,52059,16.822752568,1.21866159,20,0.821614713,1.0,1.0
systematic_bias,0.0,-0.0,negative_away_from_postchange_reference,52060,2.638573518,0.853554518,2,0.114445586,1.0,1.0
systematic_bias,0.2,-0.2,negative_away_from_postchange_reference,52060,6.166292381,1.051818438,5,0.074461757,1.0,1.0
systematic_bias,0.4,-0.4,negative_away_from_postchange_reference,52060,10.023320692,1.180332525,19,0.274461621,1.0,1.0
systematic_bias,0.8,-0.8,negative_away_from_postchange_reference,52060,17.62513492,1.381239449,20,0.674461241,1.0,1.0
systematic_bias,0.0,-0.0,negative_away_from_postchange_reference,52061,2.587687987,0.838105655,2,0.033909206,1.0,1.0
systematic_bias,0.2,-0.2,negative_away_from_postchange_reference,52061,5.895983052,1.021585115,5,0.165958817,1.0,1.0
systematic_bias,0.4,-0.4,negative_away_from_postchange_reference,52061,9.707804352,1.127495676,20,0.365958637,1.0,1.0
systematic_bias,0.8,-0.8,negative_away_from_postchange_reference,52061,17.307804734,1.327495676,20,0.765958256,1.0,1.0
systematic_bias,0.0,-0.0,negative_away_from_postchange_reference,52062,2.292608337,0.872980282,2,0.02856809,1.0,1.0
systematic_bias,0.2,-0.2,negative_away_from_postchange_reference,52062,5.279678214,1.059498222,3,0.228567992,1.0,1.0
systematic_bias,0.4,-0.4,negative_away_from_postchange_reference,52062,9.131771549,1.185544819,19,0.428567851,1.0,1.0
systematic_bias,0.8,-0.8,negative_away_from_postchange_reference,52062,16.73177193,1.385544819,20,0.828567469,1.0,1.0
systematic_bias,0.0,-0.0,negative_away_from_postchange_reference,52063,2.574767442,0.852909558,3,0.10260026,1.0,1.0
systematic_bias,0.2,-0.2,negative_away_from_postchange_reference,52063,6.205992889,1.025177291,7,0.302580766,1.0,1.0
systematic_bias,0.4,-0.4,negative_away_from_postchange_reference,52063,10.012783676,1.128572592,19,0.502580582,1.0,1.0
systematic_bias,0.8,-0.8,negative_away_from_postchange_reference,52063,17.612784057,1.328572592,20,0.902580201,1.0,1.0
systematic_bias,0.0,-0.0,negative_away_from_postchange_reference,52064,2.122000498,0.805400357,2,0.090395893,1.0,1.0
systematic_bias,0.2,-0.2,negative_away_from_postchange_reference,52064,5.479210778,1.002984829,3,0.290395888,1.0,1.0
systematic_bias,0.4,-0.4,negative_away_from_postchange_reference,52064,9.383455557,1.155107173,20,0.490395797,1.0,1.0
systematic_bias,0.8,-0.8,negative_away_from_postchange_reference,52064,16.983455939,1.355107173,20,0.890395415,1.0,1.0
systematic_bias,0.0,-0.0,negative_away_from_postchange_reference,52065,2.114678313,0.713888806,2,0.03345431,1.0,1.0
systematic_bias,0.2,-0.2,negative_away_from_postchange_reference,52065,5.536734378,0.904385174,4,0.166545672,1.0,1.0
systematic_bias,0.4,-0.4,negative_away_from_postchange_reference,52065,9.375464748,1.023750282,19,0.366545518,1.0,1.0
systematic_bias,0.8,-0.8,negative_away_from_postchange_reference,52065,16.97546513,1.223750282,20,0.766545137,1.0,1.0
systematic_bias,0.0,-0.0,negative_away_from_postchange_reference,52066,2.076541767,0.698874191,2,0.027179586,1.0,1.0
systematic_bias,0.2,-0.2,negative_away_from_postchange_reference,52066,5.790584335,0.895039692,4,0.227179578,1.0,1.0
systematic_bias,0.4,-0.4,negative_away_from_postchange_reference,52066,9.70423187,1.051863418,20,0.427179496,1.0,1.0
systematic_bias,0.8,-0.8,negative_away_from_postchange_reference,52066,17.313408317,1.256451455,20,0.827179123,1.0,1.0
systematic_bias,0.0,-0.0,negative_away_from_postchange_reference,52067,2.008445819,0.687421414,2,0.02139891,1.0,1.0
systematic_bias,0.2,-0.2,negative_away_from_postchange_reference,52067,5.77936615,0.87450591,5,0.178601066,1.0,1.0
systematic_bias,0.4,-0.4,negative_away_from_postchange_reference,52067,9.643723635,1.006684588,20,0.378600936,1.0,1.0
systematic_bias,0.8,-0.8,negative_away_from_postchange_reference,52067,17.243724016,1.206684588,20,0.778600555,1.0,1.0
systematic_bias,0.0,-0.0,negative_away_from_postchange_reference,52068,2.162947784,0.813334917,2,0.025687205,1.0,1.0
systematic_bias,0.2,-0.2,negative_away_from_postchange_reference,52068,5.652414988,1.00936229,4,0.17431276,1.0,1.0
systematic_bias,0.4,-0.4,negative_away_from_postchange_reference,52068,9.492338246,1.129323843,20,0.374312607,1.0,1.0
systematic_bias,0.8,-0.8,negative_away_from_postchange_reference,52068,17.092338628,1.329323843,20,0.774312226,1.0,1.0
systematic_bias,0.0,-0.0,negative_away_from_postchange_reference,52069,2.169741882,0.888588739,2,0.040546122,1.0,1.0
systematic_bias,0.2,-0.2,negative_away_from_postchange_reference,52069,5.783467928,1.074285023,4,0.159453851,1.0,1.0
systematic_bias,0.4,-0.4,negative_away_from_postchange_reference,52069,9.60769795,1.18639995,20,0.359453684,1.0,1.0
systematic_bias,0.8,-0.8,negative_away_from_postchange_reference,52069,17.207698331,1.38639995,20,0.759453302,1.0,1.0
systematic_bias,0.0,-0.0,negative_away_from_postchange_reference,52070,2.36291314,0.80803706,2,0.007234886,1.0,1.0
systematic_bias,0.2,-0.2,negative_away_from_postchange_reference,52070,4.7181491,0.989150275,3,0.192765078,1.0,1.0
systematic_bias,0.4,-0.4,negative_away_from_postchange_reference,52070,8.539995772,1.100073526,19,0.392764908,1.0,1.0
systematic_bias,0.8,-0.8,negative_away_from_postchange_reference,52070,16.139996153,1.300073526,20,0.792764527,1.0,1.0
systematic_bias,0.0,-0.0,negative_away_from_postchange_reference,52071,2.324551441,0.765310461,1,0.029550739,1.0,1.0
systematic_bias,0.2,-0.2,negative_away_from_postchange_reference,52071,5.512259716,0.927656377,5,0.219681791,1.0,1.0
systematic_bias,0.4,-0.4,negative_away_from_postchange_reference,52071,9.393477078,1.068265001,19,0.419681678,1.0,1.0
systematic_bias,0.8,-0.8,negative_away_from_postchange_reference,52071,17.009717386,1.276384972,20,0.819681312,1.0,1.0
systematic_bias,0.0,-0.0,negative_away_from_postchange_reference,52072,2.190422666,0.752097286,2,0.058325883,1.0,1.0
systematic_bias,0.2,-0.2,negative_away_from_postchange_reference,52072,5.207242561,0.933068002,4,0.141674081,1.0,1.0
systematic_bias,0.4,-0.4,negative_away_from_postchange_reference,52072,9.011634176,1.035263717,20,0.341673894,1.0,1.0
systematic_bias,0.8,-0.8,negative_away_from_postchange_reference,52072,16.611634558,1.235263717,20,0.741673513,1.0,1.0
systematic_bias,0.0,-0.0,negative_away_from_postchange_reference,52073,2.259470524,0.831371934,2,0.009030817,1.0,1.0
systematic_bias,0.2,-0.2,negative_away_from_postchange_reference,52073,5.787794329,1.029972633,5,0.190969181,1.0,1.0
systematic_bias,0.4,-0.4,negative_away_from_postchange_reference,52073,9.633508544,1.152829666,19,0.390969033,1.0,1.0
systematic_bias,0.8,-0.8,negative_away_from_postchange_reference,52073,17.233508926,1.352829666,20,0.790968652,1.0,1.0
systematic_bias,0.0,-0.0,negative_away_from_postchange_reference,52074,2.39914318,0.858436026,2,0.068906729,1.0,1.0
systematic_bias,0.2,-0.2,negative_away_from_postchange_reference,52074,5.773227433,1.045172117,3,0.131084865,1.0,1.0
systematic_bias,0.4,-0.4,negative_away_from_postchange_reference,52074,9.585475214,1.151295918,20,0.331084686,1.0,1.0
systematic_bias,0.8,-0.8,negative_away_from_postchange_reference,52074,17.185475596,1.351295918,20,0.731084305,1.0,1.0
systematic_bias,0.0,-0.0,negative_away_from_postchange_reference,52075,2.064353722,0.852134726,2,0.054530364,1.0,1.0
systematic_bias,0.2,-0.2,negative_away_from_postchange_reference,52075,5.465627685,1.026686779,4,0.145469588,1.0,1.0
systematic_bias,0.4,-0.4,negative_away_from_postchange_reference,52075,9.294649477,1.141197594,20,0.345469425,1.0,1.0
systematic_bias,0.8,-0.8,negative_away_from_postchange_reference,52075,16.894649859,1.341197594,20,0.745469043,1.0,1.0
systematic_bias,0.0,-0.0,negative_away_from_postchange_reference,52076,2.267431704,0.826130321,2,0.014122739,1.0,1.0
systematic_bias,0.2,-0.2,negative_away_from_postchange_reference,52076,5.682760331,0.997887565,4,0.185877207,1.0,1.0
systematic_bias,0.4,-0.4,negative_away_from_postchange_reference,52076,9.493343036,1.103178827,20,0.385877027,1.0,1.0
systematic_bias,0.8,-0.8,negative_away_from_postchange_reference,52076,17.093343417,1.303178827,20,0.785876645,1.0,1.0
systematic_bias,0.0,-0.0,negative_away_from_postchange_reference,52077,2.207439127,0.733571177,2,0.005111885,1.0,1.0
systematic_bias,0.2,-0.2,negative_away_from_postchange_reference,52077,5.308814944,0.922134947,4,0.194888093,1.0,1.0
systematic_bias,0.4,-0.4,negative_away_from_postchange_reference,52077,9.118813372,1.027134071,20,0.394887912,1.0,1.0
systematic_bias,0.8,-0.8,negative_away_from_postchange_reference,52077,16.718843814,1.227149101,20,0.79488753,1.0,1.0
systematic_bias,0.0,-0.0,negative_away_from_postchange_reference,52078,2.044517188,0.79092836,2,0.027728816,1.0,1.0
systematic_bias,0.2,-0.2,negative_away_from_postchange_reference,52078,5.360868351,0.970022626,5,0.172271144,1.0,1.0
systematic_bias,0.4,-0.4,negative_away_from_postchange_reference,52078,9.184168964,1.081672848,20,0.372270976,1.0,1.0
systematic_bias,0.8,-0.8,negative_away_from_postchange_reference,52078,16.784169346,1.281672848,20,0.772270594,1.0,1.0
systematic_bias,0.0,-0.0,negative_away_from_postchange_reference,52079,2.175330953,0.832595762,2,0.043528558,1.0,1.0
systematic_bias,0.2,-0.2,negative_away_from_postchange_reference,52079,5.619794144,1.019095675,3,0.243460401,1.0,1.0
systematic_bias,0.4,-0.4,negative_away_from_postchange_reference,52079,9.44547477,1.131935904,20,0.443460235,1.0,1.0
systematic_bias,0.8,-0.8,negative_away_from_postchange_reference,52079,17.045475151,1.331935904,20,0.843459854,1.0,1.0
systematic_bias,0.0,-0.0,negative_away_from_postchange_reference,52080,2.133510802,0.750040157,2,0.055619608,1.0,1.0
systematic_bias,0.2,-0.2,negative_away_from_postchange_reference,52080,5.395533406,0.946602401,3,0.255619602,1.0,1.0
systematic_bias,0.4,-0.4,negative_away_from_postchange_reference,52080,9.225080439,1.061375836,20,0.455619439,1.0,1.0
systematic_bias,0.8,-0.8,negative_away_from_postchange_reference,52080,16.82508082,1.261375836,20,0.855619058,1.0,1.0
systematic_bias,0.0,-0.0,negative_away_from_postchange_reference,52081,2.429757273,0.836582043,3,0.081636098,1.0,1.0
systematic_bias,0.2,-0.2,negative_away_from_postchange_reference,52081,5.667142493,0.986168917,4,0.118363806,1.0,1.0
systematic_bias,0.4,-0.4,negative_away_from_postchange_reference,52081,9.504584607,1.104889897,20,0.318363651,1.0,1.0
systematic_bias,0.8,-0.8,negative_away_from_postchange_reference,52081,17.104584988,1.304889897,20,0.718363269,1.0,1.0
systematic_bias,0.0,-0.0,negative_away_from_postchange_reference,52082,1.96745138,0.715884147,2,0.029516661,1.0,1.0
systematic_bias,0.2,-0.2,negative_away_from_postchange_reference,52082,5.856248954,0.91566229,4,0.229516661,1.0,1.0
systematic_bias,0.4,-0.4,negative_away_from_postchange_reference,52082,9.67922581,1.027150633,20,0.429516492,1.0,1.0
systematic_bias,0.8,-0.8,negative_away_from_postchange_reference,52082,17.279226191,1.227150633,20,0.82951611,1.0,1.0
systematic_bias,0.0,-0.0,negative_away_from_postchange_reference,52083,2.182691211,0.836787629,2,0.099734386,1.0,1.0
systematic_bias,0.2,-0.2,negative_away_from_postchange_reference,52083,5.456925841,1.019263158,4,0.100265581,1.0,1.0
systematic_bias,0.4,-0.4,negative_away_from_postchange_reference,52083,9.282448544,1.132024426,19,0.300265415,1.0,1.0
systematic_bias,0.8,-0.8,negative_away_from_postchange_reference,52083,16.882448925,1.332024426,20,0.700265033,1.0,1.0
systematic_bias,0.0,-0.0,negative_away_from_postchange_reference,52084,1.94662093,0.768575057,2,0.003282096,1.0,1.0
systematic_bias,0.2,-0.2,negative_away_from_postchange_reference,52084,4.940916342,0.921183359,3,0.196717813,1.0,1.0
systematic_bias,0.4,-0.4,negative_away_from_postchange_reference,52084,8.743671269,1.022560728,19,0.396717625,1.0,1.0
systematic_bias,0.8,-0.8,negative_away_from_postchange_reference,52084,16.34367165,1.222560728,20,0.796717244,1.0,1.0
systematic_bias,0.0,-0.0,negative_away_from_postchange_reference,52085,2.026214009,0.750064937,2,0.00701747,1.0,1.0
systematic_bias,0.2,-0.2,negative_away_from_postchange_reference,52085,5.767742162,0.933412022,4,0.207017438,1.0,1.0
systematic_bias,0.4,-0.4,negative_away_from_postchange_reference,52085,9.616298727,1.057690232,20,0.407017294,1.0,1.0
systematic_bias,0.8,-0.8,negative_away_from_postchange_reference,52085,17.216299108,1.257690232,20,0.807016912,1.0,1.0
systematic_bias,0.0,-0.0,negative_away_from_postchange_reference,52086,1.831082632,0.776260119,2,0.053969955,1.0,1.0
systematic_bias,0.2,-0.2,negative_away_from_postchange_reference,52086,5.078419816,0.95634266,3,0.146030007,1.0,1.0
systematic_bias,0.4,-0.4,negative_away_from_postchange_reference,52086,8.92530263,1.079783994,20,0.346029861,1.0,1.0
systematic_bias,0.8,-0.8,negative_away_from_postchange_reference,52086,16.525303011,1.279783994,20,0.746029479,1.0,1.0
systematic_bias,0.0,-0.0,negative_away_from_postchange_reference,52087,2.136760312,0.795593582,2,0.026197622,1.0,1.0
systematic_bias,0.2,-0.2,negative_away_from_postchange_reference,52087,5.309674219,0.965479097,3,0.226197565,1.0,1.0
systematic_bias,0.4,-0.4,negative_away_from_postchange_reference,52087,9.131290776,1.07628729,20,0.426197395,1.0,1.0
systematic_bias,0.8,-0.8,negative_away_from_postchange_reference,52087,16.731291158,1.27628729,20,0.826197013,1.0,1.0
systematic_bias,0.0,-0.0,negative_away_from_postchange_reference,52088,2.235404545,0.826867196,2,0.024075898,1.0,1.0
systematic_bias,0.2,-0.2,negative_away_from_postchange_reference,52088,5.709111911,1.01079878,5,0.223871433,1.0,1.0
systematic_bias,0.4,-0.4,negative_away_from_postchange_reference,52088,9.543611446,1.128048468,19,0.423871275,1.0,1.0
systematic_bias,0.8,-0.8,negative_away_from_postchange_reference,52088,17.143611827,1.328048468,20,0.823870893,1.0,1.0
systematic_bias,0.0,-0.0,negative_away_from_postchange_reference,52089,2.364156668,0.936160007,2,0.0818414,1.0,1.0
systematic_bias,0.2,-0.2,negative_away_from_postchange_reference,52089,6.086195172,1.08639724,4,0.281832564,1.0,1.0
systematic_bias,0.4,-0.4,negative_away_from_postchange_reference,52089,9.910386915,1.198493028,20,0.481832396,1.0,1.0
systematic_bias,0.8,-0.8,negative_away_from_postchange_reference,52089,17.510387297,1.398493028,20,0.881832015,1.0,1.0
systematic_bias,0.0,-0.0,negative_away_from_postchange_reference,52090,2.273451769,0.835440265,2,0.067660349,1.0,1.0
systematic_bias,0.2,-0.2,negative_away_from_postchange_reference,52090,5.748431614,1.023318217,6,0.267658561,1.0,1.0
systematic_bias,0.4,-0.4,negative_away_from_postchange_reference,52090,9.590713414,1.144459042,20,0.46765841,1.0,1.0
systematic_bias,0.8,-0.8,negative_away_from_postchange_reference,52090,17.190713795,1.344459042,20,0.867658029,1.0,1.0
systematic_bias,0.0,-0.0,negative_away_from_postchange_reference,52091,2.276137533,0.834156465,2,0.02005404,1.0,1.0
systematic_bias,0.2,-0.2,negative_away_from_postchange_reference,52091,5.683627842,1.027574837,4,0.179945947,1.0,1.0
systematic_bias,0.4,-0.4,negative_away_from_postchange_reference,52091,9.552796538,1.162159122,20,0.379945822,1.0,1.0
systematic_bias,0.8,-0.8,negative_away_from_postchange_reference,52091,17.152796919,1.362159122,20,0.779945441,1.0,1.0
systematic_bias,0.0,-0.0,negative_away_from_postchange_reference,52092,2.11481297,0.819021739,2,0.120934291,1.0,1.0
systematic_bias,0.2,-0.2,negative_away_from_postchange_reference,52092,5.519680452,0.992235111,5,0.32093424,1.0,1.0
systematic_bias,0.4,-0.4,negative_away_from_postchange_reference,52092,9.323513513,1.094151548,20,0.520934053,1.0,1.0
systematic_bias,0.8,-0.8,negative_away_from_postchange_reference,52092,16.923513894,1.294151548,20,0.920933672,1.0,1.0
systematic_bias,0.0,-0.0,negative_away_from_postchange_reference,52093,2.520486592,0.866918779,2,0.003329999,1.0,1.0
systematic_bias,0.2,-0.2,negative_away_from_postchange_reference,52093,6.068871403,1.030077451,5,0.19666993,1.0,1.0
systematic_bias,0.4,-0.4,negative_away_from_postchange_reference,52093,9.883685333,1.137484327,20,0.396669754,1.0,1.0
systematic_bias,0.8,-0.8,negative_away_from_postchange_reference,52093,17.483685714,1.337484327,20,0.796669372,1.0,1.0
systematic_bias,0.0,-0.0,negative_away_from_postchange_reference,52094,2.378231671,0.874020311,2,0.050080429,1.0,1.0
systematic_bias,0.2,-0.2,negative_away_from_postchange_reference,52094,5.262851819,1.067231026,3,0.148030868,1.0,1.0
systematic_bias,0.4,-0.4,negative_away_from_postchange_reference,52094,9.104087048,1.187848565,19,0.348030716,1.0,1.0
systematic_bias,0.8,-0.8,negative_away_from_postchange_reference,52094,16.704571705,1.388090703,20,0.748030335,1.0,1.0
systematic_bias,0.0,-0.0,negative_away_from_postchange_reference,52095,2.20645306,0.836835779,2,0.117863784,1.0,1.0
systematic_bias,0.2,-0.2,negative_away_from_postchange_reference,52095,5.53984669,0.995366572,4,0.082136137,1.0,1.0
systematic_bias,0.4,-0.4,negative_away_from_postchange_reference,52095,9.379811333,1.115348817,19,0.282135985,1.0,1.0
systematic_bias,0.8,-0.8,negative_away_from_postchange_reference,52095,16.979811715,1.315348817,20,0.682135603,1.0,1.0
systematic_bias,0.0,-0.0,negative_away_from_postchange_reference,52096,2.349532869,0.915195916,2,0.078990887,1.0,1.0
systematic_bias,0.2,-0.2,negative_away_from_postchange_reference,52096,5.587254399,1.05974554,4,0.278990782,1.0,1.0
systematic_bias,0.4,-0.4,negative_away_from_postchange_reference,52096,9.392710881,1.162473689,20,0.478990596,1.0,1.0
systematic_bias,0.8,-0.8,negative_away_from_postchange_reference,52096,16.992711263,1.362473689,20,0.878990215,1.0,1.0
systematic_bias,0.0,-0.0,negative_away_from_postchange_reference,52097,2.049523371,0.709201325,2,0.056325228,1.0,1.0
systematic_bias,0.2,-0.2,negative_away_from_postchange_reference,52097,5.295556517,0.897268112,4,0.14367475,1.0,1.0
systematic_bias,0.4,-0.4,negative_away_from_postchange_reference,52097,9.148263469,1.023621518,20,0.343674609,1.0,1.0
systematic_bias,0.8,-0.8,negative_away_from_postchange_reference,52097,16.748263851,1.223621518,20,0.743674228,1.0,1.0
systematic_bias,0.0,-0.0,negative_away_from_postchange_reference,52098,1.933366365,0.806846681,2,0.011128361,1.0,1.0
systematic_bias,0.2,-0.2,negative_away_from_postchange_reference,52098,5.064307468,0.958729597,3,0.21112827,1.0,1.0
systematic_bias,0.4,-0.4,negative_away_from_postchange_reference,52098,8.918149439,1.085650513,20,0.41112813,1.0,1.0
systematic_bias,0.8,-0.8,negative_away_from_postchange_reference,52098,16.531511843,1.29233153,20,0.811127762,1.0,1.0
systematic_bias,0.0,-0.0,negative_away_from_postchange_reference,52099,2.198504714,0.793443474,2,0.020878932,1.0,1.0
systematic_bias,0.2,-0.2,negative_away_from_postchange_reference,52099,6.146996983,0.972323035,5,0.220878892,1.0,1.0
systematic_bias,0.4,-0.4,negative_away_from_postchange_reference,52099,10.06223928,1.129944143,20,0.420878811,1.0,1.0
systematic_bias,0.8,-0.8,negative_away_from_postchange_reference,52099,17.694918247,1.346283451,20,0.820878461,1.0,1.0
delay,0.0,0.0,past_reference,52000,2.488091387,0.870540724,2,0.03479456,1.0,1.0
delay,1.0,1.0,past_reference,52000,4.127148434,1.673886993,3,0.005527224,1.0,1.0
delay,3.0,3.0,past_reference,52000,7.234463979,1.673860389,5,0.082604498,1.0,1.0
delay,5.0,5.0,past_reference,52000,10.146872698,1.673853738,7,0.084703086,1.0,1.0
delay,0.0,0.0,past_reference,52001,1.840149378,0.736693556,2,0.018443517,1.0,1.0
delay,1.0,1.0,past_reference,52001,3.356939807,1.535181333,3,0.013519172,1.0,1.0
delay,3.0,3.0,past_reference,52001,6.401762952,1.565544947,5,0.01750813,1.0,1.0
delay,5.0,5.0,past_reference,52001,9.521367784,1.592400757,7,0.014754679,1.0,1.0
delay,0.0,0.0,past_reference,52002,2.465381218,0.735789069,2,0.105893416,1.0,1.0
delay,1.0,1.0,past_reference,52002,3.96918998,1.609716497,3,0.005456294,1.0,1.0
delay,3.0,3.0,past_reference,52002,7.043245567,1.609705215,5,0.080047656,1.0,1.0
delay,5.0,5.0,past_reference,52002,9.908967622,1.609702395,7,0.122331312,1.0,1.0
delay,0.0,0.0,past_reference,52003,2.538859008,0.814967683,2,0.048034455,1.0,1.0
delay,1.0,1.0,past_reference,52003,4.141015974,1.650169921,3,0.01548479,1.0,1.0
delay,3.0,3.0,past_reference,52003,7.264287912,1.650186271,5,0.032511331,1.0,1.0
delay,5.0,5.0,past_reference,52003,10.482378721,1.666300251,7,0.017031151,1.0,1.0
delay,0.0,0.0,past_reference,52004,1.91912236,0.790318023,2,0.050502728,1.0,1.0
delay,1.0,1.0,past_reference,52004,3.387867123,1.519269212,3,0.070952636,1.0,1.0
delay,3.0,3.0,past_reference,52004,6.32446079,1.559365434,5,0.02980605,1.0,1.0
delay,5.0,5.0,past_reference,52004,9.320518841,1.559355004,7,0.010666238,1.0,1.0
delay,0.0,0.0,past_reference,52005,2.244214097,0.869149163,3,0.0759421,1.0,1.0
delay,1.0,1.0,past_reference,52005,3.762156007,1.593907019,4,0.00358611,1.0,1.0
delay,3.0,3.0,past_reference,52005,6.829581327,1.593889761,6,0.000136923,1.0,1.0
delay,5.0,5.0,past_reference,52005,9.924986047,1.593885447,8,0.05093744,1.0,1.0
delay,0.0,0.0,past_reference,52006,2.026997342,0.847093008,2,0.069682547,1.0,1.0
delay,1.0,1.0,past_reference,52006,3.612234718,1.655005716,3,0.019753056,1.0,1.0
delay,3.0,3.0,past_reference,52006,6.742976494,1.654940753,5,0.018614971,1.0,1.0
delay,5.0,5.0,past_reference,52006,9.726530438,1.654924512,7,0.024315196,1.0,1.0
delay,0.0,0.0,past_reference,52007,2.300395483,0.809441692,2,0.101142065,1.0,1.0
delay,1.0,1.0,past_reference,52007,3.832641588,1.633340935,3,0.120846023,1.0,1.0
delay,3.0,3.0,past_reference,52007,6.934308056,1.637134617,5,0.008307929,1.0,1.0
delay,5.0,5.0,past_reference,52007,10.082076407,1.637152836,7,0.029208262,1.0,1.0
delay,0.0,0.0,past_reference,52008,2.227553451,0.812421553,2,0.055563599,1.0,1.0
delay,1.0,1.0,past_reference,52008,3.700990333,1.529042011,3,0.096730203,1.0,1.0
delay,3.0,3.0,past_reference,52008,6.680323345,1.613210806,5,0.00468284,1.0,1.0
delay,5.0,5.0,past_reference,52008,9.821676951,1.634626563,7,0.023052472,1.0,1.0
delay,0.0,0.0,past_reference,52009,2.075197228,0.794459532,2,0.01261579,1.0,1.0
delay,1.0,1.0,past_reference,52009,3.580849617,1.51832687,3,0.014682659,1.0,1.0
delay,3.0,3.0,past_reference,52009,6.846511,1.667133846,5,0.101791514,1.0,1.0
delay,5.0,5.0,past_reference,52009,9.823849623,1.667084229,7,0.043596184,1.0,1.0
delay,0.0,0.0,past_reference,52010,2.102893116,0.765598536,2,0.058184167,1.0,1.0
delay,1.0,1.0,past_reference,52010,3.640575674,1.595877681,3,0.020106735,1.0,1.0
delay,3.0,3.0,past_reference,52010,6.938185333,1.704670415,5,0.083398193,1.0,1.0
delay,5.0,5.0,past_reference,52010,10.282413204,1.728060183,7,0.028164988,1.0,1.0
delay,0.0,0.0,past_reference,52011,2.067514324,0.797954943,2,0.090232111,1.0,1.0
delay,1.0,1.0,past_reference,52011,3.565682337,1.588354393,3,0.033681838,1.0,1.0
delay,3.0,3.0,past_reference,52011,6.860238612,1.68954197,5,0.053359595,1.0,1.0
delay,5.0,5.0,past_reference,52011,10.139170638,1.712025887,7,0.011324004,1.0,1.0
delay,0.0,0.0,past_reference,52012,2.291843119,0.753580726,2,0.009679829,1.0,1.0
delay,1.0,1.0,past_reference,52012,3.868334527,1.586158276,3,0.04073509,1.0,1.0
delay,3.0,3.0,past_reference,52012,7.065485652,1.650813416,5,0.025551603,1.0,1.0
delay,5.0,5.0,past_reference,52012,10.176190739,1.650823873,7,0.101229001,1.0,1.0
delay,0.0,0.0,past_reference,52013,2.360970539,0.788166014,2,0.012669905,1.0,1.0
delay,1.0,1.0,past_reference,52013,3.836351844,1.488089774,3,0.076142236,1.0,1.0
delay,3.0,3.0,past_reference,52013,6.681588792,1.517450609,5,0.093367343,1.0,1.0
delay,5.0,5.0,past_reference,52013,9.675388667,1.554326797,7,0.034167579,1.0,1.0
delay,0.0,0.0,past_reference,52014,1.798991347,0.720290698,1,0.029158267,1.0,1.0
delay,1.0,1.0,past_reference,52014,3.364424134,1.594524534,2,0.008880114,1.0,1.0
delay,3.0,3.0,past_reference,52014,6.543928556,1.606659069,4,0.072479173,1.0,1.0
delay,5.0,5.0,past_reference,52014,9.765551542,1.741809179,6,0.025948598,1.0,1.0
delay,0.0,0.0,past_reference,52015,2.411421949,0.814093428,2,0.079128607,1.0,1.0
delay,1.0,1.0,past_reference,52015,3.887538034,1.555293259,3,0.072706342,1.0,1.0
delay,3.0,3.0,past_reference,52015,6.791523012,1.555255922,5,0.061470359,1.0,1.0
delay,5.0,5.0,past_reference,52015,9.726636913,1.555246588,7,0.039186579,1.0,1.0
delay,0.0,0.0,past_reference,52016,2.046563423,0.767102115,2,0.02463256,1.0,1.0
delay,1.0,1.0,past_reference,52016,3.598322469,1.576477768,3,0.051486272,1.0,1.0
delay,3.0,3.0,past_reference,52016,6.681388661,1.619032373,5,0.058330027,1.0,1.0
delay,5.0,5.0,past_reference,52016,9.651358949,1.618999992,7,0.025416768,1.0,1.0
delay,0.0,0.0,past_reference,52017,2.081227363,0.790193959,2,0.074460028,1.0,1.0
delay,1.0,1.0,past_reference,52017,3.528561586,1.521751619,3,0.022042203,1.0,1.0
delay,3.0,3.0,past_reference,52017,6.719558045,1.650054132,5,0.065479285,1.0,1.0
delay,5.0,5.0,past_reference,52017,10.011076275,1.691627409,7,0.059609038,1.0,1.0
delay,0.0,0.0,past_reference,52018,2.001186227,0.834305957,2,0.077915245,1.0,1.0
delay,1.0,1.0,past_reference,52018,3.526542385,1.603286104,3,0.017888882,1.0,1.0
delay,3.0,3.0,past_reference,52018,6.620309259,1.603274987,5,0.029205649,1.0,1.0
delay,5.0,5.0,past_reference,52018,9.778122011,1.603272208,7,0.086843063,1.0,1.0
delay,0.0,0.0,past_reference,52019,2.09716538,0.752333653,2,0.076806386,1.0,1.0
delay,1.0,1.0,past_reference,52019,3.558927902,1.538596437,3,0.062873295,1.0,1.0
delay,3.0,3.0,past_reference,52019,6.569399947,1.558830575,5,0.055210904,1.0,1.0
delay,5.0,5.0,past_reference,52019,9.745656563,1.642974931,7,0.039389072,1.0,1.0
delay,0.0,0.0,past_reference,52020,2.118503862,0.798866708,2,0.051225357,1.0,1.0
delay,1.0,1.0,past_reference,52020,3.659418008,1.592178596,3,0.022333336,1.0,1.0
delay,3.0,3.0,past_reference,52020,6.81181996,1.625021835,5,0.058345185,1.0,1.0
delay,5.0,5.0,past_reference,52020,9.846283662,1.625005731,7,0.099674317,1.0,1.0
delay,0.0,0.0,past_reference,52021,2.044494027,0.741592729,1,0.030944337,1.0,1.0
delay,1.0,1.0,past_reference,52021,3.633786369,1.620168563,2,0.030849667,1.0,1.0
delay,3.0,3.0,past_reference,52021,6.8558086,1.691138123,4,0.00236281,1.0,1.0
delay,5.0,5.0,past_reference,52021,10.082458527,1.691190852,6,0.054303878,1.0,1.0
delay,0.0,0.0,past_reference,52022,2.306259799,0.782779954,2,0.046051604,1.0,1.0
delay,1.0,1.0,past_reference,52022,3.888463875,1.62826968,3,0.047778101,1.0,1.0
delay,3.0,3.0,past_reference,52022,7.047528307,1.656588287,5,0.090539959,1.0,1.0
delay,5.0,5.0,past_reference,52022,10.072704662,1.656577363,7,0.093335472,1.0,1.0
delay,0.0,0.0,past_reference,52023,2.654576869,0.951844023,2,0.07662765,1.0,1.0
delay,1.0,1.0,past_reference,52023,4.316968778,1.738992709,3,0.055245112,1.0,1.0
delay,3.0,3.0,past_reference,52023,7.439884304,1.739015307,5,0.03854626,1.0,1.0
delay,5.0,5.0,past_reference,52023,10.407707165,1.739020956,7,0.121264905,1.0,1.0
delay,0.0,0.0,past_reference,52024,2.52073826,0.779596323,2,0.044475478,1.0,1.0
delay,1.0,1.0,past_reference,52024,3.992738181,1.516522066,3,0.055542236,1.0,1.0
delay,3.0,3.0,past_reference,52024,7.047386746,1.641726666,5,0.076623886,1.0,1.0
delay,5.0,5.0,past_reference,52024,10.114172435,1.644359824,7,0.001666798,1.0,1.0
delay,0.0,0.0,past_reference,52025,2.109631732,0.83545739,2,0.085609788,1.0,1.0
delay,1.0,1.0,past_reference,52025,3.667498011,1.643521994,3,0.103753999,1.0,1.0
delay,3.0,3.0,past_reference,52025,6.751843719,1.660581246,5,0.092978268,1.0,1.0
delay,5.0,5.0,past_reference,52025,9.953077037,1.691467799,7,0.051231245,1.0,1.0
delay,0.0,0.0,past_reference,52026,2.529305648,0.841541309,2,0.023883851,1.0,1.0
delay,1.0,1.0,past_reference,52026,4.024071605,1.518669826,3,0.001966025,1.0,1.0
delay,3.0,3.0,past_reference,52026,7.171725861,1.608081329,5,0.017575024,1.0,1.0
delay,5.0,5.0,past_reference,52026,10.430742519,1.681394706,7,0.049913808,1.0,1.0
delay,0.0,0.0,past_reference,52027,2.172272378,0.801615923,2,0.042737852,1.0,1.0
delay,1.0,1.0,past_reference,52027,3.795293596,1.66580061,3,0.080624806,1.0,1.0
delay,3.0,3.0,past_reference,52027,6.864004673,1.665768944,5,0.028064345,1.0,1.0
delay,5.0,5.0,past_reference,52027,9.991550156,1.665761028,7,0.063064913,1.0,1.0
delay,0.0,0.0,past_reference,52028,2.859348412,0.86198175,2,0.013600827,1.0,1.0
delay,1.0,1.0,past_reference,52028,4.50776014,1.662050679,3,0.063465465,1.0,1.0
delay,3.0,3.0,past_reference,52028,7.668912431,1.662019128,5,0.117894287,1.0,1.0
delay,5.0,5.0,past_reference,52028,10.595039104,1.66201124,7,0.041495107,1.0,1.0
delay,0.0,0.0,past_reference,52029,2.253922536,0.786558319,2,0.002191636,1.0,1.0
delay,1.0,1.0,past_reference,52029,3.879472928,1.627729321,3,0.037426837,1.0,1.0
delay,3.0,3.0,past_reference,52029,6.968993067,1.627739443,5,0.062652982,1.0,1.0
delay,5.0,5.0,past_reference,52029,10.101558361,1.627741974,7,0.032779735,1.0,1.0
delay,0.0,0.0,past_reference,52030,2.040770353,0.822640145,2,0.023937317,1.0,1.0
delay,1.0,1.0,past_reference,52030,3.668800835,1.652021875,3,0.010983792,1.0,1.0
delay,3.0,3.0,past_reference,52030,6.814031125,1.669839263,5,0.027919733,1.0,1.0
delay,5.0,5.0,past_reference,52030,10.177414274,1.709023898,7,0.048039389,1.0,1.0
delay,0.0,0.0,past_reference,52031,2.157409666,0.762185584,2,0.043056579,1.0,1.0
delay,1.0,1.0,past_reference,52031,3.654783367,1.540433514,3,0.003447054,1.0,1.0
delay,3.0,3.0,past_reference,52031,6.719466565,1.594844603,5,0.007992414,1.0,1.0
delay,5.0,5.0,past_reference,52031,9.780159812,1.594842095,7,0.023289577,1.0,1.0
delay,0.0,0.0,past_reference,52032,2.20483043,0.741817868,2,0.031880123,1.0,1.0
delay,1.0,1.0,past_reference,52032,3.779082333,1.60609789,3,0.055908829,1.0,1.0
delay,3.0,3.0,past_reference,52032,7.021382126,1.676243223,5,0.011852032,1.0,1.0
delay,5.0,5.0,past_reference,52032,10.106022021,1.676256074,7,0.041800861,1.0,1.0
delay,0.0,0.0,past_reference,52033,2.52035576,0.792626923,2,0.02131134,1.0,1.0
delay,1.0,1.0,past_reference,52033,4.076623839,1.577487867,3,0.004470378,1.0,1.0
delay,3.0,3.0,past_reference,52033,7.305396212,1.676628777,5,0.02299567,1.0,1.0
delay,5.0,5.0,past_reference,52033,10.443320802,1.676702019,7,0.051350854,1.0,1.0
delay,0.0,0.0,past_reference,52034,2.386299187,0.84395655,2,0.078917286,1.0,1.0
delay,1.0,1.0,past_reference,52034,3.978799968,1.671404488,3,0.042165428,1.0,1.0
delay,3.0,3.0,past_reference,52034,7.05743748,1.671414755,5,0.021186969,1.0,1.0
delay,5.0,5.0,past_reference,52034,10.152917518,1.671417322,7,0.049108592,1.0,1.0
delay,0.0,0.0,past_reference,52035,2.160057381,0.790865751,2,0.027584677,1.0,1.0
delay,1.0,1.0,past_reference,52035,3.637997162,1.50546852,3,0.116815561,1.0,1.0
delay,3.0,3.0,past_reference,52035,6.767732216,1.660822015,5,0.085154225,1.0,1.0
delay,5.0,5.0,past_reference,52035,9.874965463,1.660866324,7,0.035014048,1.0,1.0
delay,0.0,0.0,past_reference,52036,2.351363092,0.852601227,2,0.019557804,1.0,1.0
delay,1.0,1.0,past_reference,52036,3.983758365,1.651886785,3,0.023952964,1.0,1.0
delay,3.0,3.0,past_reference,52036,7.298687136,1.682706701,5,0.090008943,1.0,1.0
delay,5.0,5.0,past_reference,52036,10.420798592,1.682759687,7,0.011175865,1.0,1.0
delay,0.0,0.0,past_reference,52037,2.367981516,0.731833333,2,0.035670243,1.0,1.0
delay,1.0,1.0,past_reference,52037,3.897986458,1.565642299,3,0.003629714,1.0,1.0
delay,3.0,3.0,past_reference,52037,7.066442983,1.669510853,5,0.016894956,1.0,1.0
delay,5.0,5.0,past_reference,52037,10.395540044,1.724241224,7,0.085200812,1.0,1.0
delay,0.0,0.0,past_reference,52038,2.692802769,0.769708165,2,0.062987907,1.0,1.0
delay,1.0,1.0,past_reference,52038,4.145360424,1.515530917,3,0.072357375,1.0,1.0
delay,3.0,3.0,past_reference,52038,7.168252898,1.580340907,5,0.057222635,1.0,1.0
delay,5.0,5.0,past_reference,52038,10.11903274,1.58034642,7,0.047336792,1.0,1.0
delay,0.0,0.0,past_reference,52039,2.218547592,0.744348886,2,0.097575985,1.0,1.0
delay,1.0,1.0,past_reference,52039,3.671246503,1.550272199,3,0.044677463,1.0,1.0
delay,3.0,3.0,past_reference,52039,6.537025747,1.550274245,5,0.02817482,1.0,1.0
delay,5.0,5.0,past_reference,52039,9.601033249,1.573718534,7,0.007457925,1.0,1.0
delay,0.0,0.0,past_reference,52040,2.539420287,0.880398771,2,0.002285199,1.0,1.0
delay,1.0,1.0,past_reference,52040,4.085382784,1.548258723,3,0.099035071,1.0,1.0
delay,3.0,3.0,past_reference,52040,6.925705148,1.548250452,5,0.063598375,1.0,1.0
delay,5.0,5.0,past_reference,52040,9.919278989,1.593110179,7,0.006159006,1.0,1.0
delay,0.0,0.0,past_reference,52041,2.573681014,0.834649521,3,0.013231841,1.0,1.0
delay,1.0,1.0,past_reference,52041,4.213924653,1.653482194,4,0.008797135,1.0,1.0
delay,3.0,3.0,past_reference,52041,7.40206536,1.67930846,6,0.032466633,1.0,1.0
delay,5.0,5.0,past_reference,52041,10.55366716,1.679305926,8,0.050906076,1.0,1.0
delay,0.0,0.0,past_reference,52042,2.138038877,0.732172433,2,0.045157984,1.0,1.0
delay,1.0,1.0,past_reference,52042,3.643293259,1.550518321,3,0.096537628,1.0,1.0
delay,3.0,3.0,past_reference,52042,6.724465735,1.630764854,5,0.00942828,1.0,1.0
delay,5.0,5.0,past_reference,52042,9.663573249,1.630682034,7,0.049648608,1.0,1.0
delay,0.0,0.0,past_reference,52043,2.357387613,0.819660026,2,0.097032704,1.0,1.0
delay,1.0,1.0,past_reference,52043,3.945866109,1.685522651,3,0.005934593,1.0,1.0
delay,3.0,3.0,past_reference,52043,7.031189627,1.685513993,5,0.011735628,1.0,1.0
delay,5.0,5.0,past_reference,52043,10.180083771,1.685511828,7,0.006086662,1.0,1.0
delay,0.0,0.0,past_reference,52044,2.078998992,0.795133438,2,0.111687563,1.0,1.0
delay,1.0,1.0,past_reference,52044,3.566371923,1.59904904,3,0.119883006,1.0,1.0
delay,3.0,3.0,past_reference,52044,6.557072651,1.599057876,5,0.015840783,1.0,1.0
delay,5.0,5.0,past_reference,52044,9.657401672,1.599060085,7,0.015329275,1.0,1.0
delay,0.0,0.0,past_reference,52045,2.349147228,0.827523665,2,0.05225554,1.0,1.0
delay,1.0,1.0,past_reference,52045,3.832272284,1.535314193,3,0.074523789,1.0,1.0
delay,3.0,3.0,past_reference,52045,6.991212931,1.643840916,5,0.053060479,1.0,1.0
delay,5.0,5.0,past_reference,52045,10.080791961,1.643891409,7,0.114468535,1.0,1.0
delay,0.0,0.0,past_reference,52046,2.365318264,0.732237859,2,0.129068486,1.0,1.0
delay,1.0,1.0,past_reference,52046,3.900696451,1.664461024,3,0.100414564,1.0,1.0
delay,3.0,3.0,past_reference,52046,6.972290569,1.664450002,5,0.05013796,1.0,1.0
delay,5.0,5.0,past_reference,52046,10.043508937,1.664447247,7,0.064464451,1.0,1.0
delay,0.0,0.0,past_reference,52047,1.864531371,0.691373215,2,0.019889643,1.0,1.0
delay,1.0,1.0,past_reference,52047,3.427372581,1.58273813,3,0.045975493,1.0,1.0
delay,3.0,3.0,past_reference,52047,6.607917486,1.624954888,5,0.044450012,1.0,1.0
delay,5.0,5.0,past_reference,52047,9.869007896,1.660282279,7,0.012035439,1.0,1.0
delay,0.0,0.0,past_reference,52048,2.194284796,0.764693828,2,0.023345358,1.0,1.0
delay,1.0,1.0,past_reference,52048,3.763139407,1.592128917,3,0.042696238,1.0,1.0
delay,3.0,3.0,past_reference,52048,6.857139631,1.592189759,5,0.060515795,1.0,1.0
delay,5.0,5.0,past_reference,52048,9.913732526,1.620820788,7,0.004097461,1.0,1.0
delay,0.0,0.0,past_reference,52049,2.086036672,0.790060631,2,0.027741352,1.0,1.0
delay,1.0,1.0,past_reference,52049,3.602546758,1.544326054,3,0.033813116,1.0,1.0
delay,3.0,3.0,past_reference,52049,6.727473389,1.632396725,5,0.003650509,1.0,1.0
delay,5.0,5.0,past_reference,52049,9.897258683,1.632340712,7,0.054918985,1.0,1.0
delay,0.0,0.0,past_reference,52050,2.371939495,0.862711485,2,0.013767476,1.0,1.0
delay,1.0,1.0,past_reference,52050,4.020272989,1.662108223,3,0.013863835,1.0,1.0
delay,3.0,3.0,past_reference,52050,7.033586304,1.6621027,5,0.07412527,1.0,1.0
delay,5.0,5.0,past_reference,52050,9.987166786,1.662101319,7,0.033882559,1.0,1.0
delay,0.0,0.0,past_reference,52051,1.745007602,0.716653193,2,0.023217275,1.0,1.0
delay,1.0,1.0,past_reference,52051,3.355176728,1.633348853,3,0.02584021,1.0,1.0
delay,3.0,3.0,past_reference,52051,6.536164092,1.646771896,5,0.004542981,1.0,1.0
delay,5.0,5.0,past_reference,52051,9.559277482,1.646787821,7,0.035654951,1.0,1.0
delay,0.0,0.0,past_reference,52052,2.227378524,0.808252281,2,0.05480742,1.0,1.0
delay,1.0,1.0,past_reference,52052,3.777660327,1.605087773,3,0.014205365,1.0,1.0
delay,3.0,3.0,past_reference,52052,6.935331454,1.621542537,5,0.004835006,1.0,1.0
delay,5.0,5.0,past_reference,52052,9.940490415,1.621543097,7,0.06555057,1.0,1.0
delay,0.0,0.0,past_reference,52053,2.565818249,0.844836173,2,0.059300896,1.0,1.0
delay,1.0,1.0,past_reference,52053,4.061725854,1.555179558,3,0.099021849,1.0,1.0
delay,3.0,3.0,past_reference,52053,6.946587491,1.555201877,5,0.038843772,1.0,1.0
delay,5.0,5.0,past_reference,52053,10.067423986,1.602526464,7,0.049438827,1.0,1.0
delay,0.0,0.0,past_reference,52054,2.379693637,0.785606131,2,0.035829177,1.0,1.0
delay,1.0,1.0,past_reference,52054,3.864181059,1.52030786,3,0.052921418,1.0,1.0
delay,3.0,3.0,past_reference,52054,6.775533262,1.538536326,5,0.087314962,1.0,1.0
delay,5.0,5.0,past_reference,52054,9.70780291,1.580535444,7,0.093776977,1.0,1.0
delay,0.0,0.0,past_reference,52055,2.337894947,0.740684805,2,0.066171487,1.0,1.0
delay,1.0,1.0,past_reference,52055,3.843191679,1.571496603,3,0.003298751,1.0,1.0
delay,3.0,3.0,past_reference,52055,7.012494136,1.616221651,5,0.041866598,1.0,1.0
delay,5.0,5.0,past_reference,52055,10.220218527,1.702256787,7,0.002107463,1.0,1.0
delay,0.0,0.0,past_reference,52056,1.896129298,0.731372196,2,0.033456304,1.0,1.0
delay,1.0,1.0,past_reference,52056,3.41542041,1.552746295,3,0.004432612,1.0,1.0
delay,3.0,3.0,past_reference,52056,6.568188103,1.614258073,5,0.063293367,1.0,1.0
delay,5.0,5.0,past_reference,52056,9.773244137,1.738439172,7,0.107273267,1.0,1.0
delay,0.0,0.0,past_reference,52057,2.411754363,0.737905571,2,0.009020338,1.0,1.0
delay,1.0,1.0,past_reference,52057,3.982071948,1.579365343,3,0.04782552,1.0,1.0
delay,3.0,3.0,past_reference,52057,7.021201289,1.603309305,5,0.050797002,1.0,1.0
delay,5.0,5.0,past_reference,52057,10.124421135,1.614288503,7,0.063515876,1.0,1.0
delay,0.0,0.0,past_reference,52058,2.23070043,0.762559062,2,0.117968576,1.0,1.0
delay,1.0,1.0,past_reference,52058,3.671660691,1.558900288,3,0.035937152,1.0,1.0
delay,3.0,3.0,past_reference,52058,6.822087042,1.651695151,5,0.095828206,1.0,1.0
delay,5.0,5.0,past_reference,52058,10.066941961,1.698282015,7,0.112191251,1.0,1.0
delay,0.0,0.0,past_reference,52059,2.04069074,0.745223359,1,0.021615335,1.0,1.0
delay,1.0,1.0,past_reference,52059,3.671826222,1.652839359,2,0.010785078,1.0,1.0
delay,3.0,3.0,past_reference,52059,6.798373869,1.652772708,4,0.016689982,1.0,1.0
delay,5.0,5.0,past_reference,52059,9.774283837,1.652756046,6,0.021735006,1.0,1.0
delay,0.0,0.0,past_reference,52060,2.638573518,0.853554518,2,0.114445586,1.0,1.0
delay,1.0,1.0,past_reference,52060,4.068530464,1.544418678,3,0.028891173,1.0,1.0
delay,3.0,3.0,past_reference,52060,7.05948063,1.544406566,5,0.022456874,1.0,1.0
delay,5.0,5.0,past_reference,52060,9.936718965,1.544403539,7,0.039995077,1.0,1.0
delay,0.0,0.0,past_reference,52061,2.587687987,0.838105655,2,0.033909206,1.0,1.0
delay,1.0,1.0,past_reference,52061,4.174941897,1.621094717,3,0.067834087,1.0,1.0
delay,3.0,3.0,past_reference,52061,7.258994627,1.63865743,5,0.101335879,1.0,1.0
delay,5.0,5.0,past_reference,52061,10.574920887,1.729706101,7,0.05918372,1.0,1.0
delay,0.0,0.0,past_reference,52062,2.292608337,0.872980282,2,0.02856809,1.0,1.0
delay,1.0,1.0,past_reference,52062,3.838636381,1.57463556,3,0.001907266,1.0,1.0
delay,3.0,3.0,past_reference,52062,6.813206589,1.574605522,5,0.083391871,1.0,1.0
delay,5.0,5.0,past_reference,52062,9.708145224,1.574598012,7,0.11004412,1.0,1.0
delay,0.0,0.0,past_reference,52063,2.574767442,0.852909558,3,0.10260026,1.0,1.0
delay,1.0,1.0,past_reference,52063,4.120689255,1.648500379,4,0.106183238,1.0,1.0
delay,3.0,3.0,past_reference,52063,7.233660373,1.648516699,6,0.006325974,1.0,1.0
delay,5.0,5.0,past_reference,52063,10.471093582,1.648520779,8,0.008352849,1.0,1.0
delay,0.0,0.0,past_reference,52064,2.122000498,0.805400357,2,0.090395893,1.0,1.0
delay,1.0,1.0,past_reference,52064,3.531846656,1.500316517,3,0.006611066,1.0,1.0
delay,3.0,3.0,past_reference,52064,6.637256137,1.599300771,5,0.015666116,1.0,1.0
delay,5.0,5.0,past_reference,52064,9.86140682,1.665363332,7,7.7073e-05,1.0,1.0
delay,0.0,0.0,past_reference,52065,2.114678313,0.713888806,2,0.03345431,1.0,1.0
delay,1.0,1.0,past_reference,52065,3.661204261,1.58003055,3,0.035898038,1.0,1.0
delay,3.0,3.0,past_reference,52065,6.859957627,1.672059334,5,0.062092277,1.0,1.0
delay,5.0,5.0,past_reference,52065,10.057781631,1.678505002,7,0.096866179,1.0,1.0
delay,0.0,0.0,past_reference,52066,2.076541767,0.698874191,2,0.027179586,1.0,1.0
delay,1.0,1.0,past_reference,52066,3.534064669,1.484676966,3,0.050781686,1.0,1.0
delay,3.0,3.0,past_reference,52066,6.466239044,1.615249263,5,0.022427557,1.0,1.0
delay,5.0,5.0,past_reference,52066,9.718884636,1.657134297,7,0.056140063,1.0,1.0
delay,0.0,0.0,past_reference,52067,2.008445819,0.687421414,2,0.02139891,1.0,1.0
delay,1.0,1.0,past_reference,52067,3.54841992,1.561330573,3,0.019481296,1.0,1.0
delay,3.0,3.0,past_reference,52067,6.782263584,1.691932059,5,0.027813747,1.0,1.0
delay,5.0,5.0,past_reference,52067,9.98210009,1.691971234,7,0.034515392,1.0,1.0
delay,0.0,0.0,past_reference,52068,2.162947784,0.813334917,2,0.025687205,1.0,1.0
delay,1.0,1.0,past_reference,52068,3.705131351,1.567851744,3,0.07925695,1.0,1.0
delay,3.0,3.0,past_reference,52068,6.692367958,1.59870314,5,0.12682324,1.0,1.0
delay,5.0,5.0,past_reference,52068,9.7914608,1.674965556,7,0.037325112,1.0,1.0
delay,0.0,0.0,past_reference,52069,2.169741882,0.888588739,2,0.040546122,1.0,1.0
delay,1.0,1.0,past_reference,52069,3.73338717,1.604186847,3,0.000994719,1.0,1.0
delay,3.0,3.0,past_reference,52069,6.794335656,1.604190283,5,0.017486815,1.0,1.0
delay,5.0,5.0,past_reference,52069,9.933861422,1.612813069,7,0.022143333,1.0,1.0
delay,0.0,0.0,past_reference,52070,2.36291314,0.80803706,2,0.007234886,1.0,1.0
delay,1.0,1.0,past_reference,52070,3.971310127,1.61567861,3,0.056730584,1.0,1.0
delay,3.0,3.0,past_reference,52070,6.977283907,1.615638751,5,0.034935415,1.0,1.0
delay,5.0,5.0,past_reference,52070,10.094711125,1.615628786,7,0.082222107,1.0,1.0
delay,0.0,0.0,past_reference,52071,2.324551441,0.765310461,1,0.029550739,1.0,1.0
delay,1.0,1.0,past_reference,52071,3.872650367,1.577652661,2,0.026899342,1.0,1.0
delay,3.0,3.0,past_reference,52071,6.642758713,1.577650408,4,0.028634564,1.0,1.0
delay,5.0,5.0,past_reference,52071,9.629331794,1.577649845,6,0.058278616,1.0,1.0
delay,0.0,0.0,past_reference,52072,2.190422666,0.752097286,2,0.058325883,1.0,1.0
delay,1.0,1.0,past_reference,52072,3.765694216,1.633538594,3,0.034382278,1.0,1.0
delay,3.0,3.0,past_reference,52072,6.91359799,1.63358867,5,0.034882916,1.0,1.0
delay,5.0,5.0,past_reference,52072,10.048066861,1.633601189,7,0.042570038,1.0,1.0
delay,0.0,0.0,past_reference,52073,2.259470524,0.831371934,2,0.009030817,1.0,1.0
delay,1.0,1.0,past_reference,52073,3.807238484,1.556842893,3,0.008484399,1.0,1.0
delay,3.0,3.0,past_reference,52073,6.854716466,1.566614315,5,0.026289834,1.0,1.0
delay,5.0,5.0,past_reference,52073,9.909033446,1.593690687,7,0.01353416,1.0,1.0
delay,0.0,0.0,past_reference,52074,2.39914318,0.858436026,2,0.068906729,1.0,1.0
delay,1.0,1.0,past_reference,52074,3.944138558,1.613992443,3,0.02527698,1.0,1.0
delay,3.0,3.0,past_reference,52074,7.089463546,1.613923097,5,0.061925094,1.0,1.0
delay,5.0,5.0,past_reference,52074,10.217481712,1.644734495,7,0.029009201,1.0,1.0
delay,0.0,0.0,past_reference,52075,2.064353722,0.852134726,2,0.054530364,1.0,1.0
delay,1.0,1.0,past_reference,52075,3.631498232,1.62167686,3,0.012846403,1.0,1.0
delay,3.0,3.0,past_reference,52075,6.725529818,1.62167529,5,0.014290379,1.0,1.0
delay,5.0,5.0,past_reference,52075,9.882149793,1.621674898,7,0.054352184,1.0,1.0
delay,0.0,0.0,past_reference,52076,2.267431704,0.826130321,2,0.014122739,1.0,1.0
delay,1.0,1.0,past_reference,52076,3.899185044,1.645791989,3,0.028505227,1.0,1.0
delay,3.0,3.0,past_reference,52076,6.971702822,1.645855223,5,0.020145799,1.0,1.0
delay,5.0,5.0,past_reference,52076,10.031086832,1.645871032,7,0.059255651,1.0,1.0
delay,0.0,0.0,past_reference,52077,2.207439127,0.733571177,2,0.005111885,1.0,1.0
delay,1.0,1.0,past_reference,52077,3.814855742,1.612588202,3,0.009436186,1.0,1.0
delay,3.0,3.0,past_reference,52077,6.954313358,1.612542724,5,0.045569699,1.0,1.0
delay,5.0,5.0,past_reference,52077,9.914785153,1.612531355,7,0.037220996,1.0,1.0
delay,0.0,0.0,past_reference,52078,2.044517188,0.79092836,2,0.027728816,1.0,1.0
delay,1.0,1.0,past_reference,52078,3.63511858,1.618323157,3,0.076489773,1.0,1.0
delay,3.0,3.0,past_reference,52078,6.647350843,1.618328741,5,0.070644641,1.0,1.0
delay,5.0,5.0,past_reference,52078,9.767876494,1.644120991,7,0.006790842,1.0,1.0
delay,0.0,0.0,past_reference,52079,2.175330953,0.832595762,2,0.043528558,1.0,1.0
delay,1.0,1.0,past_reference,52079,3.732911895,1.601116669,3,0.086496715,1.0,1.0
delay,3.0,3.0,past_reference,52079,6.816934002,1.622485201,5,0.030762604,1.0,1.0
delay,5.0,5.0,past_reference,52079,9.914382291,1.623617303,7,0.01573936,1.0,1.0
delay,0.0,0.0,past_reference,52080,2.133510802,0.750040157,2,0.055619608,1.0,1.0
delay,1.0,1.0,past_reference,52080,3.655104541,1.577173651,3,0.059209408,1.0,1.0
delay,3.0,3.0,past_reference,52080,6.780729964,1.615518707,5,0.046815307,1.0,1.0
delay,5.0,5.0,past_reference,52080,9.909524675,1.635650911,7,0.025586178,1.0,1.0
delay,0.0,0.0,past_reference,52081,2.429757273,0.836582043,3,0.081636098,1.0,1.0
delay,1.0,1.0,past_reference,52081,4.011375063,1.663222309,4,0.060879342,1.0,1.0
delay,3.0,3.0,past_reference,52081,6.960159512,1.663247306,6,0.083141642,1.0,1.0
delay,5.0,5.0,past_reference,52081,9.875855855,1.663253555,8,0.00353664,1.0,1.0
delay,0.0,0.0,past_reference,52082,1.96745138,0.715884147,2,0.029516661,1.0,1.0
delay,1.0,1.0,past_reference,52082,3.515161523,1.577249226,3,0.034190348,1.0,1.0
delay,3.0,3.0,past_reference,52082,6.511900247,1.577232359,5,0.005407485,1.0,1.0
delay,5.0,5.0,past_reference,52082,9.624674198,1.584414441,7,0.10607482,1.0,1.0
delay,0.0,0.0,past_reference,52083,2.182691211,0.836787629,2,0.099734386,1.0,1.0
delay,1.0,1.0,past_reference,52083,3.692344892,1.609361356,3,0.010866265,1.0,1.0
delay,3.0,3.0,past_reference,52083,6.812111215,1.620779961,5,0.038919275,1.0,1.0
delay,5.0,5.0,past_reference,52083,9.849848047,1.637711626,7,0.056811613,1.0,1.0
delay,0.0,0.0,past_reference,52084,1.94662093,0.768575057,2,0.003282096,1.0,1.0
delay,1.0,1.0,past_reference,52084,3.635127216,1.691810416,3,0.075676252,1.0,1.0
delay,3.0,3.0,past_reference,52084,6.846587315,1.698592523,5,0.032542922,1.0,1.0
delay,5.0,5.0,past_reference,52084,9.978442503,1.698583924,7,0.107717112,1.0,1.0
delay,0.0,0.0,past_reference,52085,2.026214009,0.750064937,2,0.00701747,1.0,1.0
delay,1.0,1.0,past_reference,52085,3.603669788,1.584513512,3,0.08348878,1.0,1.0
delay,3.0,3.0,past_reference,52085,6.796536822,1.65947797,5,0.00092435,1.0,1.0
delay,5.0,5.0,past_reference,52085,9.892540352,1.659462751,7,0.006580847,1.0,1.0
delay,0.0,0.0,past_reference,52086,1.831082632,0.776260119,2,0.053969955,1.0,1.0
delay,1.0,1.0,past_reference,52086,3.369888237,1.5927663,3,0.053541772,1.0,1.0
delay,3.0,3.0,past_reference,52086,6.639447272,1.667093021,5,0.096257866,1.0,1.0
delay,5.0,5.0,past_reference,52086,9.663737411,1.667096532,7,0.059012361,1.0,1.0
delay,0.0,0.0,past_reference,52087,2.136760312,0.795593582,2,0.026197622,1.0,1.0
delay,1.0,1.0,past_reference,52087,3.748815471,1.638330849,3,0.022620957,1.0,1.0
delay,3.0,3.0,past_reference,52087,6.923069731,1.686503866,5,0.045573543,1.0,1.0
delay,5.0,5.0,past_reference,52087,10.103171776,1.686471458,7,0.042942761,1.0,1.0
delay,0.0,0.0,past_reference,52088,2.235404545,0.826867196,2,0.024075898,1.0,1.0
delay,1.0,1.0,past_reference,52088,3.80871559,1.597414154,3,0.003400887,1.0,1.0
delay,3.0,3.0,past_reference,52088,7.030848154,1.651182848,5,0.023789007,1.0,1.0
delay,5.0,5.0,past_reference,52088,10.194562078,1.651172353,7,0.038515036,1.0,1.0
delay,0.0,0.0,past_reference,52089,2.364156668,0.936160007,2,0.0818414,1.0,1.0
delay,1.0,1.0,past_reference,52089,3.957355644,1.6750895,3,0.072844905,1.0,1.0
delay,3.0,3.0,past_reference,52089,6.971479184,1.675052641,5,0.047554887,1.0,1.0
delay,5.0,5.0,past_reference,52089,10.047605207,1.675043427,7,0.007026499,1.0,1.0
delay,0.0,0.0,past_reference,52090,2.273451769,0.835440265,2,0.067660349,1.0,1.0
delay,1.0,1.0,past_reference,52090,3.787405764,1.581689853,3,0.045276906,1.0,1.0
delay,3.0,3.0,past_reference,52090,6.94572477,1.641686921,5,0.015884433,1.0,1.0
delay,5.0,5.0,past_reference,52090,10.082754332,1.64165794,7,0.011558538,1.0,1.0
delay,0.0,0.0,past_reference,52091,2.276137533,0.834156465,2,0.02005404,1.0,1.0
delay,1.0,1.0,past_reference,52091,3.799749962,1.54373088,3,0.031579996,1.0,1.0
delay,3.0,3.0,past_reference,52091,6.847813296,1.577337546,5,0.030921455,1.0,1.0
delay,5.0,5.0,past_reference,52091,9.91563633,1.585937946,7,0.052596565,1.0,1.0
delay,0.0,0.0,past_reference,52092,2.11481297,0.819021739,2,0.120934291,1.0,1.0
delay,1.0,1.0,past_reference,52092,3.643523255,1.649595812,3,0.076575672,1.0,1.0
delay,3.0,3.0,past_reference,52092,6.930064133,1.691931794,5,0.03974177,1.0,1.0
delay,5.0,5.0,past_reference,52092,10.001248883,1.691969852,7,0.001835102,1.0,1.0
delay,0.0,0.0,past_reference,52093,2.520486592,0.866918779,2,0.003329999,1.0,1.0
delay,1.0,1.0,past_reference,52093,4.17572707,1.658622031,3,0.040205556,1.0,1.0
delay,3.0,3.0,past_reference,52093,7.333106308,1.670419702,5,0.039915768,1.0,1.0
delay,5.0,5.0,past_reference,52093,10.421641205,1.670400367,7,0.034419891,1.0,1.0
delay,0.0,0.0,past_reference,52094,2.378231671,0.874020311,2,0.050080429,1.0,1.0
delay,1.0,1.0,past_reference,52094,3.899793316,1.571652819,3,0.056623361,1.0,1.0
delay,3.0,3.0,past_reference,52094,6.903136289,1.618620327,5,0.014655957,1.0,1.0
delay,5.0,5.0,past_reference,52094,10.079078339,1.618612013,7,0.016610256,1.0,1.0
delay,0.0,0.0,past_reference,52095,2.20645306,0.836835779,2,0.117863784,1.0,1.0
delay,1.0,1.0,past_reference,52095,3.731374958,1.642782147,3,0.056952706,1.0,1.0
delay,3.0,3.0,past_reference,52095,6.845588497,1.642784798,5,0.043234214,1.0,1.0
delay,5.0,5.0,past_reference,52095,9.905080625,1.642785461,7,0.039729836,1.0,1.0
delay,0.0,0.0,past_reference,52096,2.349532869,0.915195916,2,0.078990887,1.0,1.0
delay,1.0,1.0,past_reference,52096,3.975760673,1.705233477,3,0.028644275,1.0,1.0
delay,3.0,3.0,past_reference,52096,7.114186508,1.705221728,5,0.087019127,1.0,1.0
delay,5.0,5.0,past_reference,52096,10.207923142,1.705218791,7,0.030887921,1.0,1.0
delay,0.0,0.0,past_reference,52097,2.049523371,0.709201325,2,0.056325228,1.0,1.0
delay,1.0,1.0,past_reference,52097,3.564078509,1.570921763,3,0.049649985,1.0,1.0
delay,3.0,3.0,past_reference,52097,6.692618579,1.623876428,5,0.019361501,1.0,1.0
delay,5.0,5.0,past_reference,52097,9.907064436,1.632905969,7,0.01231536,1.0,1.0
delay,0.0,0.0,past_reference,52098,1.933366365,0.806846681,2,0.011128361,1.0,1.0
delay,1.0,1.0,past_reference,52098,3.551100997,1.628849869,3,0.012087854,1.0,1.0
delay,3.0,3.0,past_reference,52098,6.681216279,1.658459835,5,0.058869986,1.0,1.0
delay,5.0,5.0,past_reference,52098,9.90288764,1.695321165,7,0.014111675,1.0,1.0
delay,0.0,0.0,past_reference,52099,2.198504714,0.793443474,2,0.020878932,1.0,1.0
delay,1.0,1.0,past_reference,52099,3.67187326,1.494186106,3,0.023094525,1.0,1.0
delay,3.0,3.0,past_reference,52099,6.85540584,1.653821505,5,0.12224784,1.0,1.0
delay,5.0,5.0,past_reference,52099,9.936073205,1.672131194,7,0.089261245,1.0,1.0
